sum_QTY_before,sum_Freight,sum_LineAmount,Month,no_unique_customers,no_orders,InvoiceCat_DD-SGE,InvoiceCat_SGE,WeekDay_Friday,WeekDay_Monday,WeekDay_Saturday,WeekDay_Thursday,WeekDay_Tuesday,WeekDay_Wednesday,State_AP,State_AS,State_BH,State_CH,State_CT,State_DL,State_DN,State_GA,State_GJ,State_HR,State_JH,State_JK,State_KA,State_KL,State_MH,State_MP,State_OR,State_PB,State_RJ,State_TN,State_TS,State_UP,State_UT,State_WB,EMA30,EMA7,sum_QTY_label,Date_label
84.0,61.58,17014.32,4.0,2,2,0,1,0.0,1.0,0.0,0.0,0.0,0.0,0,0,0,1,0,0,0,0,0,0,0,0,0,0,0,0,0,0,0,0,1,0,0,0,84.0,84.0,10.0,2018-04-09
10.0,0.0,2932.1,4.0,1,1,0,1,0.0,0.0,0.0,0.0,1.0,0.0,0,0,0,0,0,0,0,0,0,0,0,0,0,0,0,1,0,0,0,0,0,0,0,0,45.76666666666667,41.714285714285715,382.0,2018-04-10
382.0,0.0,58157.7,4.0,2,2,1,0,0.0,0.0,0.0,1.0,0.0,0.0,0,0,0,0,0,0,1,0,0,1,0,0,0,0,0,0,0,0,0,0,0,0,0,0,165.39651980747874,188.86486486486487,12.0,2018-04-12
12.0,6.24,2855.36,5.0,1,1,0,1,0.0,1.0,0.0,0.0,0.0,0.0,0,0,0,0,0,0,0,0,0,0,0,0,0,0,0,0,0,1,0,0,0,0,0,0,123.1301886792453,124.18285714285715,42.0,2018-05-07
42.0,15.0,10662.12,5.0,2,2,0,1,0.0,0.0,0.0,0.0,0.0,1.0,0,0,0,1,1,0,0,0,0,0,0,0,0,0,0,0,0,0,0,0,0,0,0,0,104.67110651118344,97.24455825864277,19.0,2018-05-09
19.0,10.92,5524.74,5.0,1,1,0,1,0.0,0.0,0.0,1.0,0.0,0.0,0,0,0,0,0,0,0,0,0,0,0,0,0,0,1,0,0,0,0,0,0,0,0,0,87.91090405246189,73.44817344817345,167.0,2018-05-10
167.0,112.21000000000001,33474.38,5.0,4,4,0,1,1.0,0.0,0.0,0.0,0.0,0.0,0,0,0,0,0,0,0,0,1,0,0,0,0,0,0,0,0,1,1,0,0,0,0,1,101.5898784420684,100.43896597872791,616.0,2018-05-11
616.0,445.52,127167.91,6.0,3,3,0,1,0.0,0.0,0.0,1.0,0.0,0.0,0,0,0,0,1,0,0,0,0,0,0,0,0,0,1,0,0,1,0,0,0,0,0,0,181.85633473690203,243.6683340398474,36.0,2018-06-07
36.0,21.0,9333.36,6.0,2,2,0,1,0.0,0.0,1.0,0.0,0.0,0.0,0,0,0,0,0,0,0,0,1,0,0,0,0,0,0,0,0,0,0,0,1,0,0,0,161.00574870186904,187.5366182602563,24.0,2018-06-09
24.0,11.54,5710.73,6.0,1,1,0,1,0.0,0.0,0.0,0.0,0.0,0.0,0,0,0,0,0,0,0,0,0,0,0,0,0,0,0,0,0,1,0,0,0,0,0,0,142.84486099691702,144.21274406863077,444.0,2018-06-10
444.0,0.0,116310.24,6.0,1,1,0,1,0.0,1.0,0.0,0.0,0.0,0.0,1,0,0,0,0,0,0,0,0,0,0,0,0,0,0,0,0,0,0,0,0,0,0,0,180.22158494754646,222.46453300182193,24.0,2018-06-11
24.0,0.0,6978.61,6.0,1,1,0,1,0.0,0.0,0.0,0.0,1.0,0.0,0,0,0,0,1,0,0,0,0,0,0,0,0,0,0,0,0,0,0,0,0,0,0,0,161.92322917997456,171.2253286777639,120.0,2018-06-12
120.0,107.69,31435.2,6.0,1,1,0,1,0.0,0.0,0.0,0.0,0.0,1.0,0,0,0,0,0,0,0,0,0,0,0,0,0,0,0,0,0,1,0,0,0,0,0,0,157.2581787261258,158.10734920664407,312.0,2018-06-13
312.0,6.0,50090.32,6.0,3,3,1,0,0.0,0.0,0.0,1.0,0.0,0.0,0,0,0,0,0,0,0,0,1,0,0,0,0,0,1,0,0,0,0,0,0,0,0,0,173.70804020058338,197.27846073380678,72.0,2018-06-14
72.0,59.64,18887.18,6.0,1,1,0,1,1.0,0.0,0.0,0.0,0.0,0.0,0,0,0,0,0,0,0,0,0,1,0,0,0,0,0,0,0,0,0,0,0,0,0,0,163.3296492442189,165.5346382158226,48.0,2018-06-15
48.0,39.93,12574.08,6.0,1,1,0,1,0.0,0.0,1.0,0.0,0.0,0.0,1,0,0,0,0,0,0,0,0,0,0,0,0,0,0,0,0,0,0,0,0,0,0,0,151.98692974649492,135.85349657760247,237.0,2018-06-16
237.0,55.86,44151.57,6.0,3,6,1,0,0.0,1.0,0.0,0.0,0.0,0.0,0,0,0,1,0,0,0,0,1,0,0,0,0,0,1,0,0,0,0,0,0,0,0,0,160.07436820291895,161.3316402844732,2532.0,2018-06-18
2532.0,1812.8600000000001,480273.31,6.0,3,3,0,1,0.0,0.0,0.0,0.0,1.0,0.0,0,0,0,0,0,0,0,0,0,0,0,0,0,0,1,1,0,0,1,0,0,0,0,0,379.01665686033635,757.3589594586813,1957.0,2018-06-19
1957.0,1422.25,377676.15,6.0,7,7,0,1,0.0,0.0,0.0,0.0,0.0,1.0,1,0,0,0,0,0,0,0,1,0,0,0,0,0,1,0,0,0,0,0,1,1,1,0,520.7352353444676,1058.542709599691,256.0,2018-06-20
256.0,43.2,46603.45,6.0,3,5,1,0,0.0,0.0,0.0,1.0,0.0,0.0,0,0,0,0,0,0,0,0,1,0,0,0,0,0,1,0,0,0,0,0,0,1,0,0,497.5459273804873,857.2687498155042,1760.0,2018-06-21
1760.0,1004.7900000000001,329716.96,6.0,6,9,1,0,1.0,0.0,0.0,0.0,0.0,0.0,0,0,0,0,0,0,0,0,1,1,0,0,0,0,1,0,0,1,0,0,1,1,0,0,605.635249381956,1083.4896080765432,345.0,2018-06-22
345.0,81.46,56438.4,6.0,3,5,1,0,0.0,0.0,1.0,0.0,0.0,0.0,0,0,0,0,0,0,0,0,1,1,0,0,0,0,1,0,0,0,0,0,0,0,0,0,583.781240970568,898.5372868647546,192.0,2018-06-23
192.0,0.0,30107.52,6.0,1,1,0,0,0.0,0.0,0.0,0.0,1.0,0.0,0,0,0,0,0,0,0,0,1,0,0,0,0,0,0,0,0,0,0,0,0,0,0,0,551.5538196042943,721.6663374580496,515.0,2018-06-26
515.0,40.2,88281.81,6.0,3,3,1,0,0.0,0.0,0.0,0.0,0.0,1.0,0,0,0,0,0,0,0,0,1,1,0,0,0,1,0,0,0,0,0,0,0,0,0,0,548.5993689761698,669.9478592235884,39.0,2018-06-27
39.0,18.58,6389.84,6.0,1,2,0,1,0.0,0.0,0.0,1.0,0.0,0.0,0,0,0,0,0,0,0,0,0,1,0,0,0,0,0,0,0,0,0,0,0,0,0,0,508.0721058370039,512.0921010995813,504.0,2018-06-28
504.0,357.69,97776.0,6.0,1,2,0,1,0.0,0.0,1.0,0.0,0.0,0.0,0,0,0,0,0,0,0,0,0,0,0,0,0,0,1,0,0,0,0,0,0,0,0,0,507.75305017152135,510.0679333690481,400.0,2018-06-30
400.0,273.16,65536.8,7.0,1,1,0,1,0.0,0.0,1.0,0.0,0.0,0.0,0,0,0,0,0,0,0,0,0,1,0,0,0,0,0,0,0,0,0,0,0,0,0,0,499.425648169971,482.53929699822874,24.0,2018-07-07
24.0,20.34,6092.64,7.0,1,1,0,1,0.0,1.0,0.0,0.0,0.0,0.0,0,0,0,0,0,0,0,0,0,0,0,0,0,0,0,0,0,0,0,0,0,1,0,0,463.14680877436325,367.86806701012284,14.0,2018-07-09
14.0,4.3,3457.14,7.0,2,2,1,0,0.0,0.0,0.0,0.0,1.0,0.0,0,0,0,0,1,0,0,0,0,0,0,0,0,0,1,0,0,0,0,0,0,0,0,0,429.2727016253788,279.37998040764467,9.0,2018-07-31
9.0,0.0,2878.65,8.0,1,1,0,1,0.0,1.0,0.0,0.0,0.0,0.0,1,0,0,0,0,0,0,0,0,0,0,0,0,0,0,0,0,0,0,0,0,0,0,0,397.91809313790066,211.7729118941281,4080.0,2018-08-06
4080.0,2916.9300000000003,776858.54,8.0,6,6,0,1,0.0,0.0,0.0,0.0,0.0,0.0,0,0,0,0,0,0,0,0,1,0,1,0,0,0,1,0,0,0,0,0,0,0,0,1,669.877378977839,1178.9592255357015,10.0,2018-08-12
10.0,0.0,2929.59,8.0,1,1,0,1,0.0,0.0,1.0,0.0,0.0,0.0,0,0,0,0,0,0,0,0,0,0,0,0,0,0,0,1,0,0,0,0,0,0,0,0,621.5899086982736,886.6900600051353,1008.0,2018-08-18
1008.0,505.0,189504.0,8.0,1,1,0,1,0.0,1.0,0.0,0.0,0.0,0.0,0,0,0,0,0,0,0,0,1,0,0,0,0,0,0,0,0,0,0,0,0,0,0,0,649.6232422899997,917.0198300280791,8400.0,2018-08-20
8400.0,6303.354,1608577.0,8.0,21,23,0,1,0.0,0.0,0.0,0.0,1.0,0.0,1,0,0,1,0,0,0,0,1,1,1,0,1,0,1,1,0,1,1,1,0,0,1,0,1207.4184467084242,2787.870583987782,424.0,2018-08-21
424.0,328.47,110536.44,8.0,4,4,0,1,0.0,0.0,0.0,0.0,0.0,1.0,0,0,0,1,1,0,0,0,0,0,0,0,0,0,0,0,1,1,0,0,0,0,0,0,1151.4529255726882,2196.8778926856107,492.0,2018-08-22
492.0,73.16,91713.3,8.0,4,5,1,0,0.0,0.0,0.0,1.0,0.0,0.0,0,0,0,0,0,0,0,0,1,0,0,1,0,0,1,0,0,0,0,0,0,1,0,0,1104.6670282567102,1770.6448722196492,1789.0,2018-08-23
1789.0,883.4300000000001,327397.55,8.0,5,6,1,0,1.0,0.0,0.0,0.0,0.0,0.0,0,0,0,0,0,0,0,0,1,0,0,0,0,0,0,0,0,0,1,0,1,1,0,0,1152.9078705364304,1775.2337635539552,2036.0,2018-08-24
2036.0,1093.46,371879.83999999997,8.0,5,5,1,0,0.0,0.0,1.0,0.0,0.0,0.0,0,0,0,0,1,0,0,0,1,0,1,0,0,1,1,0,0,0,0,0,0,0,0,0,1214.7900121685157,1840.426488205355,220.0,2018-08-25
220.0,10.0,36440.7,8.0,4,5,1,0,0.0,0.0,0.0,0.0,1.0,0.0,0,0,0,0,0,0,0,0,1,0,0,0,0,0,0,0,1,0,0,0,0,0,0,0,1145.4660303552064,1435.31443409552,46.0,2018-08-28
46.0,0.0,7213.26,8.0,2,2,0,0,0.0,0.0,0.0,0.0,0.0,1.0,0,0,0,0,0,0,0,0,1,0,0,0,0,0,0,0,0,1,0,0,0,0,0,0,1069.2416359339059,1087.9823325967818,12.0,2018-08-29
12.0,6.0,3046.32,8.0,1,1,0,1,0.0,0.0,0.0,1.0,0.0,0.0,0,0,0,0,0,0,0,0,0,0,0,0,0,0,0,0,0,0,0,0,1,0,0,0,996.2956452852568,818.984720549541,392.0,2018-08-30
392.0,0.0,61469.52,8.0,1,1,0,0,1.0,0.0,0.0,0.0,0.0,0.0,0,0,0,0,0,0,0,0,0,0,0,0,0,0,1,0,0,0,0,0,0,0,0,0,954.7873238308151,712.237936563836,60.0,2018-08-31
60.0,7.67,10382.11,9.0,2,2,0,1,0.0,0.0,0.0,1.0,0.0,0.0,0,0,0,1,0,0,0,0,0,1,0,0,0,0,0,0,0,0,0,0,0,0,0,0,893.5808799870068,549.1777606202093,3204.0,2018-09-06
3204.0,2409.4,621540.72,9.0,3,4,0,1,1.0,0.0,0.0,0.0,0.0,0.0,0,0,0,0,0,0,0,0,0,0,0,0,0,0,0,1,0,0,1,0,0,1,0,0,1051.0093126098814,1212.885432360667,12.0,2018-09-07
12.0,7.0,3489.31,9.0,1,1,0,1,0.0,0.0,0.0,0.0,0.0,1.0,1,0,0,0,0,0,0,0,0,0,0,0,0,0,0,0,0,0,0,0,0,0,0,0,980.4683275749885,912.6633577980851,12.0,2018-09-26
12.0,6.0,3489.31,9.0,1,1,0,1,0.0,0.0,0.0,1.0,0.0,0.0,0,0,0,0,0,0,0,0,0,0,0,0,0,0,1,0,0,0,0,0,0,0,0,0,914.9378076413818,687.4971153333913,5653.0,2018-09-27
5653.0,3423.2400000000002,1054029.59,9.0,14,18,1,0,1.0,0.0,0.0,0.0,0.0,0.0,0,0,0,0,0,0,0,0,1,0,0,0,0,0,1,1,0,0,1,1,1,0,0,1,1234.5283784453782,1928.87450291521,2658.0,2018-09-28
2658.0,1776.92,554223.73,9.0,16,17,1,0,0.0,0.0,0.0,0.0,0.0,0.0,1,0,0,0,1,0,0,0,1,1,1,0,0,0,1,0,1,1,0,0,1,1,0,0,1330.26298548101,2111.1560607063966,51.0,2018-09-30
51.0,0.0,7997.81,10.0,2,2,0,0,0.0,0.0,0.0,0.0,0.0,0.0,0,0,0,0,0,0,0,0,1,0,0,0,0,0,1,0,0,0,0,0,0,0,0,0,1244.4619703274298,1596.1166566258396,2.0,2018-10-07
2.0,0.0,563.57,10.0,1,1,0,1,0.0,1.0,0.0,0.0,0.0,0.0,0,0,0,0,0,0,0,0,0,0,1,0,0,0,0,0,0,0,0,0,0,0,0,0,1161.3415574429735,1197.5872667735555,50.0,2018-10-08
50.0,0.0,7840.5,10.0,1,1,0,0,0.0,0.0,0.0,0.0,0.0,1.0,0,0,0,0,0,0,0,0,1,0,0,0,0,0,0,0,0,0,0,0,0,0,0,0,1087.1698675178038,910.6903282232046,10.0,2018-10-10
10.0,0.0,2932.1,10.0,1,1,0,1,0.0,1.0,0.0,0.0,0.0,0.0,0,0,0,0,0,0,0,0,0,0,0,0,0,0,0,1,0,0,0,0,0,0,0,0,1015.4383896167523,685.5176744373189,504.0,2018-10-15
504.0,353.68,97776.0,10.0,1,2,0,1,0.0,0.0,0.0,0.0,1.0,0.0,0,0,0,0,0,0,0,0,0,0,0,0,0,0,1,0,0,0,0,0,0,0,0,0,981.4509798466448,640.1382449860743,5036.0,2018-10-16
5036.0,3076.6,943269.0,10.0,6,6,1,0,0.0,0.0,0.0,0.0,0.0,1.0,0,0,0,0,0,0,1,0,1,0,0,0,0,0,0,1,0,0,1,0,0,0,0,0,1250.3729393142646,1739.1038806606932,48.0,2018-10-17
48.0,50.16,12259.73,10.0,1,1,0,1,0.0,0.0,0.0,1.0,0.0,0.0,0,0,0,0,0,0,0,0,0,0,0,0,0,0,0,0,0,0,0,0,0,1,0,0,1170.768441904643,1316.3278536783184,564.0,2018-10-18
564.0,380.31,113525.04,10.0,3,3,0,1,0.0,0.0,1.0,0.0,0.0,0.0,0,0,0,0,0,0,0,0,0,0,0,0,0,0,1,0,0,0,0,0,0,1,0,0,1130.6644093724528,1128.245871301375,12.0,2018-10-20
12.0,8.0,2855.36,10.0,1,1,0,1,0.0,0.0,0.0,0.0,1.0,0.0,0,0,0,0,0,0,0,0,0,0,0,0,0,0,0,0,0,1,0,0,0,0,0,0,1056.8434032602665,849.1843823804294,516.0,2018-10-23
516.0,353.69,101265.31,10.0,2,2,0,1,0.0,0.0,0.0,0.0,0.0,1.0,0,0,0,0,0,0,0,0,1,0,0,0,0,0,1,0,0,0,0,0,0,0,0,0,1021.2055183891474,765.888282062757,1572.0,2018-10-24
1572.0,1112.18,311061.60000000003,10.0,4,4,0,1,0.0,0.0,1.0,0.0,0.0,0.0,1,0,0,0,0,0,0,1,1,0,0,0,0,0,0,0,0,0,0,0,0,0,0,1,1057.4492023901778,967.4162201164556,20.0,2018-10-27
20.0,7.17,5077.2,10.0,1,1,0,1,0.0,1.0,0.0,0.0,0.0,0.0,0,0,0,0,0,0,0,0,0,0,0,0,1,0,0,0,0,0,0,0,0,0,0,0,989.2701018527424,730.5621575336955,18.0,2018-10-29
18.0,0.0,2822.58,10.0,1,1,0,0,0.0,0.0,0.0,0.0,0.0,1.0,0,0,0,0,0,0,0,0,0,0,0,0,0,0,1,0,0,0,0,0,0,0,0,0,925.516784440921,552.4216138893863,10.0,2018-10-31
10.0,78.0,1568.2,11.0,1,1,0,0,0.0,0.0,0.0,0.0,1.0,0.0,0,0,0,0,0,0,0,0,1,0,0,0,0,0,0,0,0,0,0,0,0,0,0,0,865.4904750395409,416.81620798441384,3044.0,2018-11-06
3044.0,2171.12,583119.04,11.0,6,6,0,1,0.0,0.0,0.0,0.0,0.0,1.0,1,0,0,0,0,0,0,0,1,0,0,0,0,0,0,0,0,1,0,0,0,0,0,0,1008.1757973900778,1073.6121648250094,120.0,2018-11-07
120.0,0.0,18817.2,11.0,1,2,0,0,1.0,0.0,0.0,0.0,0.0,0.0,0,0,0,0,0,0,0,0,0,0,0,0,0,0,1,0,0,0,0,0,0,0,0,0,950.0601477515048,835.2091212131058,12.0,2018-11-09
12.0,6.32,3143.52,11.0,1,1,0,1,0.0,0.0,1.0,0.0,0.0,0.0,0,0,0,0,1,0,0,0,0,0,0,0,0,0,0,0,0,0,0,0,0,0,0,0,888.7366365608227,629.4068393523141,212.0,2018-11-10
212.0,139.66,46666.799999999996,11.0,2,2,0,1,0.0,1.0,0.0,0.0,0.0,0.0,0,0,0,0,0,0,0,0,1,0,0,0,1,0,0,0,0,0,0,0,0,0,0,0,844.5344068426214,525.0551289219339,12.0,2018-11-12
12.0,5.18,2999.44,11.0,2,2,0,1,0.0,0.0,0.0,0.0,1.0,0.0,1,0,0,0,0,0,0,0,0,0,0,0,0,0,0,0,0,1,0,0,0,0,0,0,790.1994759949038,396.7913461454303,12.0,2018-11-13
12.0,0.0,3838.2,11.0,1,1,0,1,0.0,0.0,0.0,1.0,0.0,0.0,0,0,0,1,0,0,0,0,0,0,0,0,0,0,0,0,0,0,0,0,0,0,0,0,739.4486662922112,300.59350930193636,1128.0,2018-11-15
1128.0,861.9100000000001,222991.2,11.0,2,2,0,1,1.0,0.0,0.0,0.0,0.0,0.0,0,0,0,0,0,0,0,0,0,0,0,0,1,0,1,0,0,0,0,0,0,0,0,0,764.7705925503573,507.4451324717726,1152.0,2018-11-16
1152.0,901.3499999999999,227800.37,11.0,2,2,0,1,0.0,0.0,1.0,0.0,0.0,0.0,0,0,0,0,0,0,0,0,0,0,0,0,0,0,0,0,0,1,1,0,0,0,0,0,789.9898762686184,668.5838496432226,1008.0,2018-11-17
1008.0,764.42,196560.0,11.0,1,1,0,1,0.0,1.0,0.0,0.0,0.0,0.0,0,0,0,0,0,0,0,0,0,0,0,0,0,0,1,0,0,0,0,0,0,0,0,0,804.1796556378528,753.4378873467106,504.0,2018-11-19
504.0,250.75,97776.0,11.0,1,1,0,1,0.0,0.0,0.0,0.0,1.0,0.0,0,0,0,0,0,0,0,0,0,0,0,0,0,0,0,0,0,0,0,0,0,0,0,1,784.6528108759368,691.078415447037,684.0,2018-11-20
684.0,401.69,123624.0,11.0,2,2,0,1,0.0,0.0,0.0,1.0,0.0,0.0,0,0,0,0,0,0,0,0,0,1,0,0,0,0,0,0,0,0,0,0,1,0,0,0,778.108789606127,689.308811583937,1004.0,2018-11-22
1004.0,299.27,176181.0,11.0,2,3,1,0,1.0,0.0,0.0,0.0,0.0,0.0,0,0,0,0,0,0,0,0,1,0,0,0,0,0,1,0,0,0,0,0,0,0,0,0,792.7879489376387,767.981608732658,30.0,2018-11-23
30.0,14.32,7989.78,11.0,1,1,0,1,0.0,0.0,1.0,0.0,0.0,0.0,0,0,0,0,0,0,0,0,0,0,0,0,0,0,0,0,0,0,0,0,0,1,0,0,743.242607364696,583.4862064708649,2205.0,2018-11-24
2205.0,0.0,347343.29999999993,11.0,2,6,1,0,0.0,0.0,0.0,0.0,0.0,1.0,0,0,0,0,1,0,0,0,1,0,0,0,0,0,0,0,0,0,0,0,0,0,0,0,838.1466313363871,988.8646549827222,100.0,2018-11-28
100.0,0.0,15681.0,11.0,1,2,0,0,0.0,0.0,0.0,1.0,0.0,0.0,0,0,0,0,0,0,0,0,1,0,0,0,0,0,0,0,0,0,0,0,0,0,0,0,790.242319374114,766.6484911837705,509.0,2018-11-29
509.0,0.0,79816.29000000001,11.0,1,2,0,0,1.0,0.0,0.0,0.0,0.0,0.0,0,0,0,0,0,0,1,0,0,0,0,0,0,0,0,0,0,0,0,0,0,0,0,0,771.9971970028555,702.2363683762469,700.0,2018-11-30
700.0,363.36,144859.26,12.0,5,5,1,0,0.0,0.0,0.0,1.0,0.0,0.0,0,0,0,0,0,0,0,0,1,0,0,0,1,0,0,0,0,0,0,0,1,0,0,0,767.3281676839674,701.6772762821098,1008.0,2018-12-06
1008.0,717.08,189504.0,12.0,1,1,0,1,0.0,0.0,0.0,0.0,1.0,0.0,0,0,0,0,0,0,0,0,1,0,0,0,0,0,0,0,0,0,0,0,0,0,0,0,782.9305615018029,778.2579572193273,210.0,2018-12-11
210.0,108.14000000000001,53958.6,12.0,2,3,0,1,0.0,0.0,0.0,1.0,0.0,0.0,0,0,1,0,0,0,0,0,0,0,0,0,1,0,0,0,0,0,0,0,0,0,0,0,745.7999312676712,636.1934679037197,539.0,2018-12-13
539.0,350.89,110763.94,12.0,3,3,0,1,0.0,0.0,1.0,0.0,0.0,0.0,0,0,0,0,1,0,0,0,0,0,0,0,0,0,1,0,0,0,0,0,0,0,0,0,732.4015025134171,611.8951009264075,24.0,2018-12-15
24.0,17.26,4800.0,12.0,1,1,0,1,0.0,1.0,0.0,0.0,0.0,0.0,0,0,0,0,0,0,0,0,0,0,0,0,1,0,0,0,0,0,0,0,0,0,0,0,686.5171801939056,464.9213256885348,594.0,2018-12-17
594.0,502.49,118969.68,12.0,3,3,0,1,0.0,0.0,0.0,0.0,1.0,0.0,0,0,0,0,1,0,0,0,1,0,0,0,0,0,0,0,0,0,0,0,0,0,0,1,680.5262220435312,497.1909942674337,36.0,2018-12-18
36.0,13.27,9776.35,12.0,2,2,0,1,0.0,0.0,0.0,0.0,0.0,1.0,0,0,0,0,0,0,0,0,0,0,0,0,1,0,0,0,0,0,0,0,0,1,0,0,638.7998406745904,381.8932456978082,48.0,2018-12-19
48.0,39.98,9600.0,12.0,1,1,0,1,0.0,0.0,0.0,1.0,0.0,0.0,0,0,0,0,0,0,0,0,0,0,1,0,0,0,0,0,0,0,0,0,0,0,0,0,600.5602308376269,298.41993427185366,1596.0,2018-12-20
1596.0,1301.35,314757.29,12.0,4,5,1,0,1.0,0.0,0.0,0.0,0.0,0.0,0,0,0,0,0,0,0,0,0,0,0,0,0,0,1,0,0,0,1,0,1,0,0,0,664.9767572179595,622.8149507082695,12.0,2018-12-21
12.0,0.0,3489.31,12.0,1,1,0,1,0.0,0.0,0.0,0.0,0.0,1.0,0,0,0,0,0,0,0,0,0,0,0,0,1,0,0,0,0,0,0,0,0,0,0,0,622.7298284604826,470.111213029656,522.0,2018-12-26
522.0,5.48,82828.45999999999,12.0,2,4,1,0,0.0,0.0,0.0,1.0,0.0,0.0,0,0,0,0,0,0,0,0,0,0,0,0,0,0,1,0,0,1,0,0,0,0,0,0,616.2139029485422,483.08340977234053,1133.0,2018-12-27
1133.0,970.34,230272.5,12.0,3,3,0,1,1.0,0.0,0.0,0.0,0.0,0.0,0,0,0,0,0,0,0,0,1,0,0,0,1,0,0,0,0,1,0,0,0,0,0,0,649.6376065187559,645.5625573301808,504.0,2018-12-28
504.0,434.83,100800.0,12.0,1,1,0,1,0.0,0.0,0.0,0.0,0.0,0.0,0,0,0,0,0,0,0,0,0,0,0,0,0,0,1,0,0,0,0,0,0,0,0,0,640.21984219274,610.1719179974845,1004.0,2018-12-30
1004.0,434.83,179210.0,12.0,2,2,1,0,0.0,1.0,0.0,0.0,0.0,0.0,0,0,0,0,0,0,0,0,1,0,0,0,0,0,0,1,0,0,0,0,0,0,0,0,663.7404380579352,708.6289384984287,315.0,2018-12-31
315.0,214.51,64803.65,1.0,3,4,1,0,0.0,0.0,0.0,0.0,1.0,0.0,0,0,1,0,0,0,0,0,1,0,0,0,1,0,0,0,0,0,0,0,0,0,0,0,641.1954063926379,610.2217038735852,2016.0,2019-01-15
2016.0,1735.1299999999999,399168.0,1.0,3,3,0,1,1.0,0.0,0.0,0.0,0.0,0.0,0,0,0,0,0,0,0,0,1,0,0,0,0,0,0,0,0,0,0,0,1,0,0,0,730.0608006421547,961.6662779058222,632.0,2019-01-18
632.0,460.18,124767.06,1.0,3,3,1,0,0.0,0.0,1.0,0.0,0.0,0.0,0,0,0,0,0,0,0,0,1,0,0,0,0,0,1,0,0,1,0,0,0,0,0,0,723.7230672949479,879.2497084292553,1008.0,2019-01-19
1008.0,860.47,197568.0,1.0,1,1,0,1,0.0,0.0,0.0,0.0,1.0,0.0,0,0,0,0,0,0,0,0,1,0,0,0,0,0,0,0,0,0,0,0,0,0,0,0,742.0939665511413,911.4372813219741,340.0,2019-01-22
340.0,89.07000000000001,65355.62,1.0,4,5,1,0,0.0,0.0,0.0,0.0,0.0,1.0,0,0,0,0,1,0,0,0,1,0,0,0,0,0,0,0,0,0,0,0,0,0,0,0,716.1121308732189,768.5779609913719,36.0,2019-01-23
36.0,0.0,5645.16,1.0,1,1,0,0,0.0,0.0,0.0,1.0,0.0,0.0,0,0,0,0,0,0,0,0,1,0,0,0,0,0,0,0,0,0,0,0,0,0,0,0,672.1701852089045,585.4334707434244,500.0,2019-01-24
500.0,0.0,78405.0,1.0,1,2,0,0,0.0,0.0,0.0,0.0,0.0,1.0,0,0,0,0,0,0,0,0,1,0,0,0,0,0,0,0,0,0,0,0,0,0,0,0,661.047337124183,564.0751030575592,8.0,2019-01-30
8.0,5.82,2095.68,1.0,1,1,0,1,0.0,0.0,0.0,1.0,0.0,0.0,1,0,0,0,0,0,0,0,0,0,0,0,0,0,0,0,0,0,0,0,0,0,0,0,618.8616964707638,425.0563272931248,74.0,2019-01-31
74.0,34.76,17912.940000000002,2.0,2,2,1,0,0.0,0.0,0.0,1.0,0.0,0.0,0,0,0,0,0,0,0,0,1,0,0,0,0,0,0,0,0,0,0,0,0,1,0,0,583.6675327023895,337.2922454698225,288.0,2019-02-14
288.0,287.51,68528.74,2.0,1,2,0,1,0.0,0.0,1.0,0.0,0.0,0.0,0,0,0,0,0,0,0,0,0,0,0,0,0,0,0,0,0,1,0,0,0,0,0,0,564.5709922950542,324.96918410236464,528.0,2019-02-16
528.0,443.43,107087.04,2.0,2,2,0,1,0.0,1.0,0.0,0.0,0.0,0.0,0,0,0,0,0,1,0,0,0,0,0,0,0,0,0,0,0,1,0,0,0,0,0,0,562.2091187512268,375.72688807678037,2924.0,2019-02-18
2924.0,1634.85,525928.32,2.0,5,9,1,0,0.0,0.0,0.0,0.0,1.0,0.0,0,0,0,0,0,0,0,0,1,1,0,0,0,0,0,0,0,0,1,0,0,0,0,0,714.7310126091222,1012.7951660576499,1700.0,2019-02-19
1700.0,1053.93,365652.32,2.0,3,3,0,1,0.0,0.0,0.0,0.0,0.0,1.0,0,0,0,0,0,0,0,0,1,0,0,0,1,0,1,0,0,0,0,0,0,0,0,0,778.3546206315543,1184.5963745432507,36.0,2019-02-20
36.0,30.59,9430.56,2.0,1,1,0,1,0.0,0.0,0.0,1.0,0.0,0.0,0,0,0,0,0,0,0,0,0,0,0,0,0,0,0,0,0,0,0,0,1,0,0,0,730.4199894063922,897.4472809074216,149.0,2019-02-21
149.0,44.49,28302.690000000002,2.0,3,3,0,1,0.0,1.0,0.0,0.0,0.0,0.0,0,0,0,0,0,0,0,0,0,1,0,0,1,0,1,0,0,0,0,0,0,0,0,0,692.8791417964118,710.3354606805582,27.0,2019-02-25
27.0,7.17,7850.9400000000005,2.0,2,2,0,1,0.0,0.0,0.0,0.0,0.0,1.0,0,0,0,0,0,0,0,0,0,0,0,0,1,0,1,0,0,0,0,0,0,0,0,0,649.8871855153762,539.5015955104132,692.0,2019-02-27
692.0,605.05,150048.48,2.0,3,3,0,1,0.0,0.0,0.0,1.0,0.0,0.0,0,0,0,0,1,0,0,0,0,0,0,0,0,0,0,1,0,0,0,0,0,0,0,1,652.6060351244071,577.6261966328108,24.0,2019-02-28
24.0,15.0,6601.39,3.0,1,1,0,1,1.0,0.0,0.0,0.0,0.0,0.0,0,0,0,0,1,0,0,0,0,0,0,0,0,0,0,0,0,0,0,0,0,0,0,0,612.0243632812151,439.21964747460555,1043.0,2019-03-01
1043.0,885.22,209035.46,3.0,2,2,0,1,0.0,0.0,0.0,0.0,0.0,1.0,0,0,0,0,0,0,0,0,1,0,1,0,0,0,0,0,0,0,0,0,0,0,0,0,639.8462026689508,590.1647356059563,15.0,2019-03-13
15.0,8.33,4361.63,3.0,1,1,0,1,0.0,0.0,0.0,1.0,0.0,0.0,0,0,0,0,0,0,0,0,0,0,0,0,0,0,0,0,1,0,0,0,0,0,0,0,599.5105429819876,446.3735517044657,1010.0,2019-03-14
1010.0,795.47,198144.31,3.0,2,2,0,1,0.0,0.0,1.0,0.0,0.0,0.0,0,0,0,0,0,0,0,0,1,0,0,0,0,0,1,0,0,0,0,0,0,0,0,0,626.0078690371314,587.2801637783505,1008.0,2019-03-16
1008.0,795.47,197568.0,3.0,1,1,0,1,0.0,1.0,0.0,0.0,0.0,0.0,0,0,0,0,0,0,0,0,0,0,0,0,0,0,1,0,0,0,0,0,0,0,0,0,650.664827549883,692.4601228337634,504.0,2019-03-18
504.0,396.69,97776.0,3.0,1,1,0,1,0.0,0.0,0.0,0.0,1.0,0.0,0,0,0,0,0,0,0,1,0,0,0,0,0,0,0,0,0,0,0,0,0,0,0,0,641.1981611223384,645.3450921253224,99.0,2019-03-19
99.0,66.41,24420.239999999998,3.0,2,2,1,0,0.0,0.0,0.0,0.0,0.0,1.0,0,0,0,0,0,0,0,0,1,0,0,0,0,0,0,0,0,0,0,0,1,0,0,0,606.2023509398673,508.75881909399135,1272.0,2019-03-20
1272.0,926.19,242012.4,3.0,2,3,0,1,1.0,0.0,0.0,0.0,0.0,0.0,0,0,0,0,0,0,0,0,0,1,0,0,0,0,0,0,0,0,1,0,0,0,0,0,649.1745943814956,699.5691143204939,504.0,2019-03-22
504.0,295.0,100800.0,3.0,1,1,0,1,0.0,0.0,1.0,0.0,0.0,0.0,0,0,0,0,0,0,0,0,0,0,0,0,0,0,0,0,0,0,0,0,0,0,0,1,639.8049104810829,650.6768357403703,100.0,2019-03-23
100.0,55.1,27942.4,3.0,1,1,0,1,0.0,0.0,0.0,0.0,1.0,0.0,0,0,0,0,0,0,0,0,0,0,0,0,0,0,0,0,0,0,0,0,0,1,0,0,604.9663311662829,513.0076268052776,24.0,2019-03-26
24.0,14.26,6287.04,3.0,1,1,0,1,0.0,0.0,0.0,0.0,0.0,1.0,1,0,0,0,0,0,0,0,0,0,0,0,0,0,0,0,0,0,0,0,0,0,0,0,567.4720917027936,390.7557201039581,8.0,2019-03-27
8.0,0.0,2095.68,3.0,1,1,0,1,0.0,0.0,0.0,1.0,0.0,0.0,1,0,0,0,0,0,0,0,0,0,0,0,0,0,0,0,0,0,0,0,0,0,0,0,531.3658207245855,295.0667900779685,2416.0,2019-03-28
2416.0,1641.64,463904.96,3.0,5,6,1,0,1.0,0.0,0.0,0.0,0.0,0.0,0,0,0,0,0,0,0,0,1,0,0,0,0,0,1,0,1,0,1,0,0,0,0,0,652.9907227445865,825.3000925584766,24.0,2019-03-29
24.0,14.89,6601.39,3.0,1,1,0,1,0.0,0.0,1.0,0.0,0.0,0.0,0,0,0,1,0,0,0,0,0,0,0,0,0,0,0,0,0,0,0,0,0,0,0,0,612.3995614381301,624.9750694188574,1018.0,2019-03-30
1018.0,714.8599999999999,204303.1,3.0,3,3,1,0,0.0,0.0,0.0,0.0,0.0,0.0,1,0,0,0,0,0,0,0,0,0,0,0,0,0,0,1,0,0,0,1,0,0,0,0,638.5740363730567,723.231302064143,627.0,2019-03-31
627.0,435.27,126859.76000000001,4.0,4,6,1,0,0.0,1.0,0.0,0.0,0.0,0.0,1,0,0,0,0,0,0,0,0,0,0,0,0,0,1,0,0,0,0,0,0,0,0,0,637.8271453728086,699.1734765481073,12.0,2019-04-01
12.0,8.0,2855.36,4.0,1,1,0,1,0.0,0.0,0.0,0.0,1.0,0.0,0,0,0,0,0,0,0,0,0,0,0,0,0,0,0,0,0,1,0,0,0,0,0,0,597.4421474713489,527.3801074110804,13.0,2019-04-02
13.0,9.52,3462.24,4.0,1,1,0,1,1.0,0.0,0.0,0.0,0.0,0.0,0,0,0,0,0,0,0,0,1,0,0,0,0,0,0,0,0,0,0,0,0,0,0,0,559.7282936561442,398.7850805583103,14.0,2019-04-05
14.0,0.0,3667.44,4.0,1,1,0,1,0.0,0.0,0.0,0.0,1.0,0.0,0,0,0,0,0,0,0,0,0,0,0,0,0,0,0,0,1,0,0,0,0,0,0,0,524.5131082552331,302.5888104187327,1512.0,2019-04-16
1512.0,1147.38,296352.0,4.0,1,1,0,1,0.0,0.0,0.0,1.0,0.0,0.0,0,0,0,0,0,0,0,0,1,0,0,0,0,0,0,0,0,0,0,0,0,0,0,0,588.2336339668357,604.9416078140496,1512.0,2019-04-18
1512.0,986.8299999999999,298368.0,4.0,2,2,0,1,1.0,0.0,0.0,0.0,0.0,0.0,0,0,0,0,0,0,0,0,1,0,0,0,0,0,0,0,0,0,0,0,0,0,0,0,647.8416975416937,831.7062058605372,1336.0,2019-04-19
1336.0,763.3299999999999,259740.65,4.0,6,6,0,1,0.0,0.0,1.0,0.0,0.0,0.0,0,0,0,0,1,0,0,0,1,1,0,0,0,0,1,0,0,0,0,0,0,0,0,1,692.2461388999902,957.779654395403,24.0,2019-04-20
24.0,14.0,6287.04,4.0,1,1,0,1,0.0,1.0,0.0,0.0,0.0,0.0,0,0,0,0,0,0,0,0,1,0,0,0,0,0,0,0,0,0,0,0,0,0,0,0,649.1270064610745,724.3347407965522,58.0,2019-04-22
58.0,46.46,15193.68,4.0,2,2,0,1,0.0,0.0,0.0,0.0,1.0,0.0,0,0,0,0,0,0,0,0,0,0,0,0,0,0,0,0,0,0,0,0,0,1,1,0,610.9844193268985,557.751055597414,79.0,2019-04-23
79.0,16.04,15849.0,4.0,3,4,1,0,0.0,0.0,0.0,0.0,0.0,1.0,0,0,0,0,1,0,0,0,1,0,0,0,0,0,1,0,0,0,0,0,0,0,0,0,576.6583306398406,438.06329169806054,552.0,2019-04-24
552.0,388.83,108529.92,4.0,2,2,1,0,0.0,0.0,0.0,1.0,0.0,0.0,0,0,0,0,0,0,0,0,0,0,0,0,0,0,1,0,0,1,0,0,0,0,0,0,575.0672749005354,466.5474687735454,504.0,2019-04-25
504.0,402.58,100800.0,4.0,1,1,0,1,1.0,0.0,0.0,0.0,0.0,0.0,0,0,0,0,0,0,1,0,0,0,0,0,0,0,0,0,0,0,0,0,0,0,0,0,570.4817617981711,475.91060158015904,450.0,2019-04-26
450.0,0.0,76500.0,4.0,1,2,0,0,0.0,0.0,1.0,0.0,0.0,0.0,0,0,0,0,0,0,0,0,0,0,0,0,0,0,1,0,0,0,0,0,0,0,0,0,562.7079081304198,469.4329511851193,716.0,2019-04-27
716.0,543.35,155898.91999999998,4.0,5,5,0,1,0.0,1.0,0.0,0.0,0.0,0.0,0,0,0,1,0,0,0,0,0,0,0,0,0,0,0,0,0,1,1,0,1,1,0,0,572.59871646876,531.0747133888395,504.0,2019-04-29
504.0,386.83,100800.0,4.0,1,1,0,1,0.0,0.0,0.0,0.0,1.0,0.0,0,0,0,0,0,0,0,0,1,0,0,0,0,0,0,0,0,0,0,0,0,0,0,0,568.172575887624,524.3060350416296,1684.0,2019-04-30
1684.0,856.02,320750.4,5.0,6,9,1,0,0.0,0.0,1.0,0.0,0.0,0.0,0,0,0,0,0,0,1,0,1,1,0,0,0,0,0,0,1,0,1,0,1,0,0,0,640.1677862953742,814.2295262812222,575.0,2019-05-04
575.0,0.0,93404.4,5.0,1,3,0,0,0.0,0.0,0.0,0.0,0.0,1.0,0,0,0,0,0,0,0,0,1,0,0,0,0,0,0,0,0,0,0,0,0,0,0,0,635.9630663641367,754.4221447109165,106.0,2019-05-15
106.0,0.0,18315.97,5.0,2,3,1,0,0.0,1.0,0.0,0.0,0.0,0.0,0,0,0,0,0,1,0,0,0,0,0,0,0,0,1,0,0,0,0,0,0,0,0,0,601.7692638381199,592.3166085331874,135.0,2019-05-20
135.0,101.24,33844.72,5.0,3,3,0,1,0.0,0.0,0.0,0.0,1.0,0.0,0,0,0,1,1,0,0,0,0,0,0,0,0,0,0,0,0,0,0,0,0,1,0,0,571.6529451160578,477.9874563998905,10.0,2019-05-21
10.0,0.0,1700.0,5.0,1,1,0,0,0.0,0.0,0.0,0.0,0.0,1.0,0,0,0,0,0,0,0,0,1,0,0,0,0,0,0,0,0,0,0,0,0,0,0,0,535.4148255924811,360.9905922999178,20.0,2019-05-22
20.0,0.0,5941.32,5.0,1,1,0,1,0.0,0.0,0.0,1.0,0.0,0.0,0,0,0,0,0,0,0,0,0,0,0,0,0,0,0,0,0,0,0,0,0,1,0,0,502.1601566953642,275.74294422493836,1236.0,2019-05-23
1236.0,570.0,236328.0,5.0,2,3,1,0,0.0,0.0,1.0,0.0,0.0,0.0,0,0,0,0,0,0,1,0,1,0,0,0,0,0,0,0,0,0,0,0,0,0,0,0,549.5074590914528,515.8072081687038,46.0,2019-05-25
46.0,24.91,12878.5,5.0,2,2,0,1,0.0,1.0,0.0,0.0,0.0,0.0,0,0,0,0,1,0,0,0,0,0,0,0,0,0,1,0,0,0,0,0,0,0,0,0,517.0213120141311,398.35540612652784,110.0,2019-05-27
110.0,66.33,27505.8,5.0,2,2,1,0,0.0,0.0,0.0,0.0,0.0,1.0,1,0,0,0,0,0,0,0,0,0,0,0,0,0,0,0,0,1,0,0,0,0,0,0,490.76051521356027,326.26655459489587,24.0,2019-05-29
24.0,18.48,6287.04,5.0,1,1,0,1,1.0,0.0,0.0,0.0,0.0,0.0,1,0,0,0,0,0,0,0,0,0,0,0,0,0,0,0,0,0,0,0,0,0,0,0,460.64547748179814,250.69991594617187,1596.0,2019-05-31
1596.0,977.4200000000001,310943.36,6.0,9,12,1,0,0.0,0.0,0.0,0.0,1.0,0.0,1,0,0,0,0,0,0,0,1,0,0,0,1,0,1,0,0,1,0,0,0,1,0,0,533.8974696866673,587.0249369596289,180.0,2019-06-04
180.0,0.0,25848.0,6.0,1,1,0,1,0.0,0.0,0.0,1.0,0.0,0.0,0,0,0,0,0,0,0,0,0,1,0,0,0,0,0,0,0,0,0,0,0,0,0,0,511.0644087148536,485.26870271972166,50.0,2019-06-06
50.0,0.0,8500.0,6.0,1,1,0,0,0.0,0.0,0.0,1.0,0.0,0.0,0,0,0,0,0,0,0,0,1,0,0,0,0,0,0,0,0,0,0,0,0,0,0,0,481.317140318111,376.4515270397912,24.0,2019-06-13
24.0,0.0,7194.4,6.0,1,1,0,1,1.0,0.0,0.0,0.0,0.0,0.0,0,0,0,0,0,0,0,0,0,0,0,0,1,0,0,0,0,0,0,0,0,0,0,0,451.81171609678825,288.3386452798434,1547.0,2019-06-14
1547.0,1180.4,306201.59,6.0,3,3,0,1,0.0,0.0,1.0,0.0,0.0,0.0,0,0,0,0,0,0,0,0,0,0,0,0,0,0,0,1,0,0,1,1,0,0,0,0,522.4714724626103,603.0039839598826,10.0,2019-06-15
10.0,5.5,2700.6,6.0,1,1,0,1,0.0,0.0,0.0,0.0,1.0,0.0,0,0,0,0,0,0,0,0,0,0,0,0,0,0,0,1,0,0,0,0,0,0,0,0,489.4077253518725,454.75298796991194,195.0,2019-06-18
195.0,0.0,28263.6,6.0,2,2,1,0,0.0,0.0,0.0,0.0,0.0,1.0,0,0,0,0,0,0,0,0,1,1,0,0,0,0,0,0,0,0,0,0,0,0,0,0,470.4131027252209,389.814740977434,812.0,2019-06-19
812.0,609.5799999999999,167749.77,6.0,4,4,0,1,0.0,0.0,0.0,1.0,0.0,0.0,0,0,0,0,1,0,0,0,0,1,0,0,0,0,0,0,0,0,0,0,1,1,0,0,492.4515920677494,495.3610557330755,40.0,2019-06-20
40.0,20.35,8000.0,6.0,1,1,0,1,1.0,0.0,0.0,0.0,0.0,0.0,0,0,0,0,0,0,0,0,0,0,0,0,0,0,0,0,0,0,0,0,0,0,1,0,463.2603923326807,381.52079179980655,149.0,2019-06-21
149.0,7.08,28055.510000000002,6.0,2,3,1,0,0.0,0.0,1.0,0.0,0.0,0.0,0,0,0,0,0,1,1,0,0,0,0,0,0,0,0,0,0,0,0,0,0,0,0,0,442.9850251107046,323.3905938498549,12.0,2019-06-22
12.0,6.89,3240.72,6.0,1,1,0,1,0.0,0.0,0.0,0.0,1.0,0.0,0,0,0,0,0,0,0,0,0,0,0,0,0,0,0,0,0,0,0,0,1,0,0,0,415.17889404095735,245.54294538739114,1032.0,2019-06-25
1032.0,791.36,202272.0,6.0,1,1,0,1,0.0,0.0,0.0,1.0,0.0,0.0,0,0,0,0,0,0,0,0,0,0,0,0,0,0,0,0,0,0,1,0,0,0,0,0,454.97466843746304,442.1572090405434,132.0,2019-06-27
132.0,68.53,23204.36,6.0,2,2,0,1,1.0,0.0,0.0,0.0,0.0,0.0,0,0,0,0,0,0,0,0,0,1,0,0,0,0,0,0,0,1,0,0,0,0,0,0,434.13716967780624,364.6179067804075,200.0,2019-06-28
200.0,111.83,50645.6,6.0,1,1,0,1,0.0,0.0,1.0,0.0,0.0,0.0,0,0,0,0,0,0,0,0,0,0,0,0,0,0,0,0,0,0,0,0,0,1,0,0,419.031258706939,323.4634300853056,1500.0,2019-06-29
1500.0,1150.76,294000.0,6.0,1,1,0,1,0.0,0.0,0.0,0.0,0.0,0.0,0,0,0,0,0,0,0,0,0,0,0,0,0,0,0,0,0,0,1,0,0,0,0,0,488.7724175609741,617.5975725639793,2097.0,2019-06-30
2097.0,1483.23,418489.58999999997,7.0,9,9,1,0,0.0,0.0,0.0,0.0,1.0,0.0,0,0,1,1,0,0,0,0,1,0,0,0,0,0,1,0,0,1,0,0,1,0,0,0,592.5307616732061,987.4481794229846,32.0,2019-07-02
32.0,6.98,6710.4,7.0,1,1,0,1,0.0,0.0,0.0,0.0,0.0,1.0,0,0,0,0,0,0,0,0,0,0,0,0,0,0,1,0,0,0,0,0,0,0,0,0,556.3669239953591,748.5861345672383,1554.0,2019-07-03
1554.0,1143.96,296354.1,7.0,2,3,1,0,0.0,0.0,0.0,0.0,1.0,0.0,0,0,0,0,0,0,0,0,1,0,0,0,0,0,0,0,0,0,1,0,0,0,0,0,620.7312851860897,949.9396009254289,1862.0,2019-07-16
1862.0,1462.77,377662.0,7.0,4,5,0,1,0.0,0.0,0.0,0.0,0.0,1.0,0,0,1,0,0,0,0,0,0,0,1,0,0,0,1,0,0,0,0,0,0,0,0,0,700.8142282884728,1177.9547006940718,516.0,2019-07-17
516.0,394.9,103995.91,7.0,2,2,0,1,0.0,0.0,0.0,1.0,0.0,0.0,0,0,0,0,0,0,0,0,0,0,0,0,0,0,1,0,0,0,0,0,0,0,0,0,688.8905777938156,1012.4660255205538,504.0,2019-07-18
504.0,285.0,100800.0,7.0,1,1,0,1,1.0,0.0,0.0,0.0,0.0,0.0,0,0,0,0,0,0,0,0,1,0,0,0,0,0,0,0,0,0,0,0,0,0,0,0,676.9620112657384,885.3495191404154,12.0,2019-07-19
12.0,5.89,3240.72,7.0,1,1,0,1,0.0,0.0,1.0,0.0,0.0,0.0,0,0,0,0,0,0,0,0,1,0,0,0,0,0,0,0,0,0,0,0,0,0,0,0,634.0607580700453,667.0121393553114,96.0,2019-07-20
96.0,67.47999999999999,25601.69,7.0,2,2,0,1,0.0,1.0,0.0,0.0,0.0,0.0,1,0,0,0,0,0,0,0,0,0,0,0,0,0,0,0,0,0,0,0,0,1,0,0,599.3467987419616,524.2591045164835,575.0,2019-07-22
575.0,389.83,112870.0,7.0,2,2,1,0,0.0,0.0,0.0,0.0,0.0,1.0,0,0,0,0,0,0,0,0,0,0,0,0,0,0,1,1,0,0,0,0,0,0,0,0,597.776022207996,536.9443283873626,24.0,2019-07-24
24.0,0.0,7194.4,7.0,1,1,0,1,0.0,0.0,0.0,1.0,0.0,0.0,0,0,0,0,0,0,0,0,0,0,0,0,1,0,0,0,0,0,0,0,0,0,0,0,560.757876467662,408.7082462905219,24.0,2019-07-25
24.0,16.29,6481.44,7.0,1,1,0,1,1.0,0.0,0.0,0.0,0.0,0.0,0,0,0,0,0,0,0,0,0,0,0,0,0,0,0,1,0,0,0,0,0,0,0,0,526.128040382854,312.5311847178914,1044.0,2019-07-26
1044.0,799.9,210742.4,7.0,4,4,0,1,0.0,0.0,1.0,0.0,0.0,0.0,0,0,0,0,1,0,0,0,1,0,0,0,0,0,0,0,1,1,0,0,0,0,0,0,559.5394014118256,495.3983885384186,771.0,2019-07-27
771.0,69.06,137592.91,7.0,2,2,1,0,0.0,1.0,0.0,0.0,0.0,0.0,0,0,0,0,0,0,0,0,1,0,0,0,0,0,0,0,0,1,0,0,0,0,0,0,573.1821226113994,564.2987914038139,192.0,2019-07-29
192.0,143.86,32558.4,7.0,1,1,0,1,0.0,0.0,0.0,0.0,1.0,0.0,0,0,0,0,0,0,0,0,1,0,0,0,0,0,0,0,0,0,0,0,0,0,0,0,548.5895557081276,471.2240935528604,162.0,2019-07-30
162.0,138.13,42149.36,7.0,2,2,0,1,0.0,0.0,0.0,0.0,0.0,1.0,0,0,0,0,0,0,0,0,0,0,0,0,0,0,0,0,0,1,0,0,0,0,0,0,523.6481309624103,393.9180701646453,3156.0,2019-07-31
3156.0,2431.9,630286.9,8.0,5,5,0,1,1.0,0.0,0.0,0.0,0.0,0.0,1,0,0,0,0,0,0,0,1,0,0,0,0,0,0,0,0,0,1,0,1,1,0,0,693.4783226458601,1084.4385526234842,1008.0,2019-08-02
1008.0,851.28,193536.0,8.0,1,1,0,1,0.0,0.0,1.0,0.0,0.0,0.0,0,0,0,0,0,0,0,0,1,0,0,0,0,0,0,0,0,0,0,0,0,0,0,0,713.7701598815727,1065.328914467613,200.0,2019-08-03
200.0,0.0,31364.0,8.0,1,1,0,0,0.0,0.0,0.0,0.0,1.0,0.0,0,0,0,0,0,0,0,0,1,0,0,0,0,0,0,0,0,0,0,0,0,0,0,0,680.6235205156438,848.9966858507097,2016.0,2019-08-06
2016.0,1545.94,395136.0,8.0,1,1,0,1,0.0,0.0,0.0,1.0,0.0,0.0,0,0,0,0,0,0,0,0,0,0,0,0,0,0,0,0,0,0,1,0,0,0,0,0,766.7772732101516,1140.7475143880322,180.0,2019-08-08
180.0,0.0,25848.0,8.0,1,1,0,1,0.0,0.0,0.0,0.0,1.0,0.0,0,0,0,0,0,0,0,0,0,1,0,0,0,0,0,0,0,0,0,0,0,0,0,0,728.9204975916423,900.5606357910241,12.0,2019-08-13
12.0,6.98,3597.2,8.0,1,1,0,1,1.0,0.0,0.0,0.0,0.0,0.0,0,0,0,0,0,0,0,0,0,0,0,0,0,0,1,0,0,0,0,0,0,0,0,0,682.6673595614196,678.4204768432679,1032.0,2019-08-16
1032.0,786.47,204157.46,8.0,2,2,0,1,0.0,1.0,0.0,0.0,0.0,0.0,0,0,0,0,0,0,0,0,0,0,0,0,0,0,1,0,0,0,0,1,0,0,0,0,705.2050416649714,766.8153576324509,604.0,2019-08-19
604.0,467.01,120200.0,8.0,2,2,0,1,0.0,0.0,0.0,0.0,1.0,0.0,0,0,0,0,0,0,0,0,0,0,1,0,0,0,1,0,0,0,0,0,0,0,0,0,698.6756590966625,726.111518224338,240.0,2019-08-20
240.0,184.92,48000.0,8.0,1,1,0,1,0.0,0.0,0.0,0.0,0.0,1.0,0,0,0,0,0,0,0,0,0,0,0,0,0,0,0,0,0,0,0,0,0,1,0,0,669.083574920695,604.5836386682535,82.0,2019-08-21
82.0,74.57,21200.329999999998,8.0,3,3,0,1,1.0,0.0,0.0,0.0,0.0,0.0,0,0,0,1,1,0,0,0,0,0,0,0,0,0,0,0,0,1,0,0,0,0,0,0,631.207088123336,473.93772900119006,64.0,2019-08-23
64.0,7.55,12280.84,8.0,2,2,1,0,0.0,1.0,0.0,0.0,0.0,0.0,1,0,0,0,0,0,0,0,1,0,0,0,0,0,0,0,0,0,0,0,0,0,0,0,594.6129675408542,371.4532967508925,300.0,2019-08-26
300.0,176.98,75968.4,8.0,1,1,0,1,0.0,0.0,0.0,0.0,1.0,0.0,0,0,0,0,0,0,0,0,0,0,0,0,0,0,0,0,0,0,0,0,0,1,0,0,575.6056234839696,353.58997256316934,1512.0,2019-08-27
1512.0,1167.3,298368.0,8.0,2,2,0,1,0.0,0.0,0.0,1.0,0.0,0.0,0,0,0,0,0,0,0,0,0,0,0,0,0,0,1,0,0,0,0,0,0,0,0,0,636.0183299007597,643.192479422377,12.0,2019-08-29
12.0,6.18,3240.72,8.0,1,1,0,1,1.0,0.0,0.0,0.0,0.0,0.0,0,0,0,0,0,0,0,0,0,0,0,0,1,0,0,0,0,0,0,0,0,0,0,0,595.7589793263304,485.3943595667827,1033.0,2019-08-30
1033.0,793.41,207827.43,8.0,4,5,0,1,0.0,0.0,1.0,0.0,0.0,0.0,0,0,0,0,0,0,0,1,0,0,1,0,0,0,1,0,0,1,0,0,0,0,0,0,623.9681452660923,622.2957696750871,3555.0,2019-08-31
3555.0,2510.29,714565.66,9.0,10,12,1,0,0.0,1.0,0.0,0.0,0.0,0.0,0,0,0,0,0,1,0,0,0,0,1,0,0,0,1,1,0,1,1,0,1,1,0,0,813.0673999759698,1355.4718272563155,48.0,2019-09-02
48.0,45.07,12574.08,9.0,1,1,0,1,0.0,0.0,0.0,0.0,0.0,1.0,1,0,0,0,0,0,0,0,0,0,0,0,0,0,0,0,0,0,0,0,0,0,0,0,763.7081090120906,1028.6038704422365,504.0,2019-09-04
504.0,389.83,100800.0,9.0,1,1,0,1,0.0,0.0,0.0,1.0,0.0,0.0,0,0,0,0,0,0,0,0,0,0,0,0,0,0,0,0,0,0,0,0,1,0,0,0,746.9527141560962,897.4529028316773,120.0,2019-09-05
120.0,75.73,30463.2,9.0,1,1,0,1,0.0,0.0,1.0,0.0,0.0,0.0,0,0,0,0,0,0,0,0,0,0,0,0,1,0,0,0,0,0,0,0,0,0,0,0,706.5040774634859,703.0896771237578,21.0,2019-09-07
21.0,10.49,4996.89,9.0,1,1,0,1,0.0,0.0,0.0,0.0,0.0,0.0,0,0,0,0,0,0,0,0,0,0,0,0,0,0,0,0,0,1,0,0,0,0,0,0,662.2779317587255,532.5672578428183,36.0,2019-09-08
36.0,10.62,10208.27,9.0,1,1,0,1,0.0,1.0,0.0,0.0,0.0,0.0,0,0,0,0,0,1,0,0,0,0,0,0,0,0,0,0,0,0,0,0,0,0,0,0,621.8728387859431,408.4254433821137,14.0,2019-09-09
14.0,7.32,4196.73,9.0,1,1,0,1,1.0,0.0,0.0,0.0,0.0,0.0,0,0,0,0,0,0,0,0,0,0,0,0,0,0,1,0,0,0,0,0,0,0,0,0,582.6551771575816,309.81908253658526,504.0,2019-09-13
504.0,388.83,100800.0,9.0,1,1,0,1,0.0,1.0,0.0,0.0,0.0,0.0,0,0,0,0,0,0,0,0,0,0,0,0,0,0,0,1,0,0,0,0,0,0,0,0,577.5806424420506,358.36431190243894,100.0,2019-09-16
100.0,66.53,25322.8,9.0,1,1,0,1,0.0,0.0,0.0,0.0,1.0,0.0,0,0,0,0,0,0,0,0,0,0,0,0,0,0,0,0,0,0,0,0,0,1,0,0,546.7689474386324,293.77323392682916,109.0,2019-09-17
109.0,16.98,21210.61,9.0,3,4,1,0,0.0,0.0,0.0,0.0,0.0,1.0,1,0,0,0,0,0,0,0,1,0,0,0,0,0,0,0,0,0,0,0,0,0,0,0,518.5257546799729,247.57992544512186,20.0,2019-09-18
20.0,5.45,5229.13,9.0,2,2,0,1,1.0,0.0,0.0,0.0,0.0,0.0,0,1,0,0,0,0,0,0,0,0,0,0,0,0,1,0,0,0,0,0,0,0,0,0,486.36276562882705,190.68494408384137,48.0,2019-09-20
48.0,33.02,11421.46,9.0,1,1,0,1,0.0,1.0,0.0,0.0,0.0,0.0,0,0,0,0,0,0,0,0,0,0,0,0,0,0,0,0,0,1,0,0,0,0,0,0,458.0812663307008,155.01370806288102,800.0,2019-09-23
800.0,0.0,136000.0,9.0,1,2,0,0,0.0,0.0,0.0,0.0,1.0,0.0,0,0,0,0,0,0,0,0,1,0,0,0,0,0,0,0,0,0,0,0,0,0,0,0,480.1405617604765,316.2602810471608,84.0,2019-09-24
84.0,69.94,21958.059999999998,9.0,3,3,0,1,0.0,0.0,0.0,0.0,0.0,1.0,0,0,0,0,0,0,0,0,0,1,0,0,1,0,0,0,0,1,0,0,0,0,0,0,454.58308200456503,258.1952107853706,1032.0,2019-09-25
1032.0,795.36,202272.0,9.0,1,1,0,1,0.0,0.0,0.0,1.0,0.0,0.0,0,0,0,0,0,0,0,0,0,0,0,0,0,0,0,0,0,0,1,0,0,0,0,0,491.83581933304697,451.646408089028,24.0,2019-09-26
24.0,16.61,6969.6,9.0,1,1,0,1,0.0,1.0,0.0,0.0,0.0,0.0,0,0,0,0,0,0,0,0,0,0,0,0,0,0,1,0,0,0,0,0,0,0,0,0,461.6528382789158,344.73480606677094,3784.0,2019-09-30
3784.0,2627.35,760963.86,10.0,16,16,1,0,0.0,0.0,0.0,0.0,1.0,0.0,1,0,0,0,1,0,1,0,1,1,0,0,1,0,1,0,0,1,1,0,1,0,0,0,675.9979823267465,1204.5511045500784,180.0,2019-10-01
180.0,0.0,25848.0,10.0,1,1,0,1,0.0,0.0,1.0,0.0,0.0,0.0,0,0,0,0,0,0,0,0,0,1,0,0,0,0,0,0,0,0,0,0,0,0,0,0,643.998089333538,948.4133284125588,12.0,2019-10-05
12.0,8.64,3489.31,10.0,1,1,0,1,0.0,0.0,0.0,0.0,0.0,0.0,0,0,0,0,0,0,0,0,0,0,0,0,0,0,1,0,0,0,0,0,0,0,0,0,603.2239914407303,714.309996309419,1009.0,2019-10-06
1009.0,768.47,197717.89,10.0,2,2,0,1,0.0,1.0,0.0,0.0,0.0,0.0,0,0,0,0,0,0,0,0,1,0,0,0,0,0,1,0,0,0,0,0,0,0,0,0,629.4031053524608,787.9824972320644,504.0,2019-10-14
504.0,394.83,100800.0,10.0,1,1,0,1,0.0,0.0,0.0,0.0,0.0,1.0,0,0,0,0,0,0,0,0,0,0,0,0,0,0,0,0,0,1,0,0,0,0,0,0,621.312577631566,716.9868729240482,2016.0,2019-10-16
2016.0,1457.3,399168.0,10.0,4,4,0,1,1.0,0.0,0.0,0.0,0.0,0.0,0,0,0,0,0,0,0,0,1,0,0,0,0,0,1,0,0,0,0,0,0,0,0,0,711.2924612197227,1041.7401546930362,108.0,2019-10-18
108.0,87.75,29166.48,10.0,1,1,0,1,0.0,0.0,1.0,0.0,0.0,0.0,0,0,0,1,0,0,0,0,0,0,0,0,0,0,0,0,0,0,0,0,0,0,0,0,672.3703467603606,808.3051160197771,816.0,2019-10-19
816.0,206.01,151967.36,10.0,3,3,1,0,0.0,0.0,0.0,0.0,1.0,0.0,0,0,0,0,0,0,0,0,1,0,0,0,0,0,0,0,0,1,0,0,0,0,0,1,681.6367804976339,810.2288370148328,600.0,2019-10-22
600.0,469.8,120000.0,10.0,1,1,0,1,0.0,0.0,0.0,1.0,0.0,0.0,0,0,0,0,0,0,0,0,0,0,0,0,0,0,0,0,0,0,0,0,0,0,1,0,676.3698890426812,757.6716277611246,24.0,2019-10-24
24.0,11.49,6412.82,10.0,1,1,0,1,0.0,0.0,1.0,0.0,0.0,0.0,0,0,0,0,0,0,0,0,0,0,0,0,0,0,0,0,1,0,0,0,0,0,0,0,634.2814912334259,574.2537208208433,24.0,2019-10-26
24.0,14.190000000000001,6837.92,10.0,2,2,0,1,0.0,0.0,0.0,1.0,0.0,0.0,0,0,0,0,0,0,0,0,0,0,0,0,0,0,1,0,0,1,0,0,0,0,0,0,594.9084761595471,436.6902906156325,6581.0,2019-10-31
6581.0,4779.54,1306379.28,11.0,14,14,1,0,0.0,0.0,1.0,0.0,0.0,0.0,0,0,0,0,1,1,0,0,1,1,1,0,0,0,1,0,0,1,1,1,0,1,0,0,981.1080728169599,1972.7677179617247,24.0,2019-11-02
24.0,12.66,3827.63,11.0,1,1,0,1,0.0,1.0,0.0,0.0,0.0,0.0,0,0,0,0,0,0,0,0,0,1,0,0,0,0,0,0,0,0,0,0,0,0,0,0,919.3591434285645,1485.5757884712932,223.0,2019-11-04
223.0,0.0,35911.92,11.0,1,2,0,0,0.0,0.0,0.0,0.0,1.0,0.0,0,0,0,0,0,0,0,0,1,0,0,0,0,0,0,0,0,0,0,0,0,0,0,0,874.4327324688855,1169.9318413534697,502.0,2019-11-05
502.0,6.11,86181.56,11.0,2,2,1,0,0.0,0.0,0.0,0.0,0.0,1.0,0,0,0,0,0,0,0,0,1,0,0,0,0,0,0,0,0,0,0,0,0,1,0,0,850.4048069356367,1002.9488810151023,9.0,2019-11-06
9.0,4.43,2697.9,11.0,1,1,0,1,0.0,0.0,0.0,1.0,0.0,0.0,0,0,0,0,0,0,0,0,0,0,0,0,0,0,1,0,0,0,0,0,0,0,0,0,796.1206103948061,754.4616607613266,12.0,2019-11-07
12.0,5.32,3143.52,11.0,1,1,0,1,0.0,0.0,1.0,0.0,0.0,0.0,0,0,0,0,0,0,0,0,0,0,0,0,0,0,1,0,0,0,0,0,0,0,0,0,745.5321704500568,568.8462455709949,24.0,2019-11-09
24.0,14.51,6805.51,11.0,1,1,0,1,0.0,0.0,0.0,0.0,1.0,0.0,0,0,0,0,0,1,0,0,0,0,0,0,0,0,0,0,0,0,0,0,0,0,0,0,698.9816962472262,432.6346841782462,12.0,2019-11-12
12.0,5.65,3064.93,11.0,1,1,0,1,0.0,0.0,0.0,0.0,0.0,1.0,0,0,0,0,0,0,0,0,1,0,0,0,0,0,0,0,0,0,0,0,0,0,0,0,654.6602861634577,327.4760131336846,25.0,2019-11-13
25.0,32.53,7289.869999999999,11.0,2,2,0,1,0.0,0.0,1.0,0.0,0.0,0.0,0,0,0,0,0,0,0,0,0,0,1,0,0,0,0,0,0,1,0,0,0,0,0,0,614.0370330411511,251.85700985026344,673.0,2019-11-16
673.0,459.89,138674.94,11.0,4,4,1,0,0.0,1.0,0.0,0.0,0.0,0.0,1,0,0,0,0,0,0,0,0,0,0,0,0,0,1,1,0,1,0,0,0,0,0,0,617.8410962011861,357.1427573876976,216.0,2019-11-18
216.0,228.62,58255.2,11.0,1,1,0,1,0.0,0.0,0.0,0.0,0.0,1.0,0,0,0,0,0,0,0,0,0,0,0,0,0,0,0,0,0,0,0,0,1,0,0,0,591.9158592434458,321.8570680407732,12.0,2019-11-20
12.0,7.56,3252.48,11.0,1,1,0,1,0.0,0.0,0.0,1.0,0.0,0.0,0,0,0,0,0,0,0,0,0,0,0,0,0,0,1,0,0,0,0,0,0,0,0,0,554.5019261650135,244.39280103057988,24.0,2019-11-21
24.0,19.53,6230.02,11.0,2,2,0,1,1.0,0.0,0.0,0.0,0.0,0.0,0,0,0,0,0,0,0,0,0,0,0,0,0,0,0,0,0,1,0,0,0,1,0,0,520.2759897318708,189.29460077293487,241.0,2019-11-22
241.0,178.30999999999997,42397.520000000004,11.0,2,2,0,1,0.0,0.0,1.0,0.0,0.0,0.0,0,0,0,0,0,0,0,0,0,1,0,0,0,0,0,0,0,0,0,0,0,1,0,0,502.2581811293053,202.22095057970117,874.0,2019-11-23
874.0,124.07,148476.3,11.0,2,4,1,0,0.0,0.0,0.0,0.0,1.0,0.0,0,0,0,0,0,0,0,0,1,1,0,0,0,0,0,0,0,0,0,0,0,0,0,0,526.241527785555,370.16571293477585,564.0,2019-11-26
564.0,436.97999999999996,117383.36,11.0,3,3,0,1,1.0,0.0,0.0,0.0,0.0,0.0,1,0,0,0,0,0,0,0,0,0,0,0,0,0,1,0,0,1,0,0,0,0,0,0,528.6775585838824,418.62428470108193,504.0,2019-11-29
504.0,414.42,123480.0,11.0,1,1,0,1,0.0,0.0,1.0,0.0,0.0,0.0,0,0,0,0,0,0,0,0,1,0,0,0,0,0,0,0,0,0,0,0,0,0,0,0,527.0854578265618,439.96821352581145,8013.0,2019-11-30
8013.0,5965.16,1795794.35,12.0,20,22,1,0,0.0,0.0,0.0,0.0,1.0,0.0,1,0,0,0,1,0,0,1,1,1,1,0,0,0,1,0,0,1,0,1,1,1,0,1,1010.0477441089203,2333.226160144359,8.0,2019-12-03
8.0,4.03,2326.2,12.0,1,1,0,1,0.0,0.0,0.0,0.0,0.0,1.0,0,0,0,0,0,0,0,0,0,0,1,0,0,0,0,0,0,0,0,0,0,0,0,0,945.3994953213175,1751.919620108269,1008.0,2019-12-04
1008.0,673.8299999999999,201600.0,12.0,2,3,0,1,1.0,0.0,0.0,0.0,0.0,0.0,0,0,0,0,0,0,0,0,1,0,0,0,0,0,1,0,0,0,0,0,0,0,0,0,949.4382379813161,1565.939715081202,342.0,2019-12-06
342.0,125.1,84264.34,12.0,4,4,1,0,0.0,0.0,0.0,1.0,0.0,0.0,1,0,0,0,0,0,0,0,1,0,1,0,1,0,0,0,0,0,0,0,0,0,0,0,910.2486704039018,1259.9547863109012,100.0,2019-12-12
100.0,63.44,20000.0,12.0,1,1,0,1,1.0,0.0,0.0,0.0,0.0,0.0,0,0,0,0,0,0,0,0,0,0,0,0,0,0,0,0,0,0,0,0,0,0,1,0,857.9745578484107,969.9660897331759,470.0,2019-12-13
470.0,177.67,101352.32,12.0,2,2,1,0,0.0,0.0,0.0,0.0,1.0,0.0,0,0,0,0,0,0,1,0,0,0,0,0,0,0,0,0,0,0,0,1,0,0,0,0,832.943939068511,844.9745672998819,263.0,2019-12-17
263.0,141.77,46507.44,12.0,2,2,0,1,0.0,0.0,0.0,0.0,0.0,1.0,0,0,0,0,0,0,0,0,0,1,0,0,0,0,1,0,0,0,0,0,0,0,0,0,796.1733594073129,699.4809254749114,448.0,2019-12-18
448.0,41.28,81728.0,12.0,2,2,1,0,0.0,0.0,0.0,1.0,0.0,0.0,1,0,0,0,0,0,0,0,0,0,0,0,0,0,1,0,0,0,0,0,0,0,0,0,773.710560341992,636.6106941061835,40.0,2019-12-19
40.0,19.55,8000.0,12.0,1,1,0,1,0.0,0.0,1.0,0.0,0.0,0.0,0,0,0,0,1,0,0,0,0,0,0,0,0,0,0,0,0,0,0,0,0,0,0,0,726.3743918384687,487.4580205796376,1512.0,2019-12-21
1512.0,1200.42,332136.0,12.0,2,2,0,1,0.0,1.0,0.0,0.0,0.0,0.0,0,0,0,0,0,0,0,0,1,0,0,0,0,0,0,0,0,0,0,0,0,0,0,0,777.0599182713971,743.5935154347281,4.0,2019-12-23
4.0,2.0,800.0,12.0,1,1,0,1,0.0,0.0,0.0,1.0,0.0,0.0,0,0,0,0,1,0,0,0,0,0,0,0,0,0,0,0,0,0,0,0,0,0,0,0,727.1850817731249,558.695136576046,100.0,2019-12-26
100.0,0.0,16104.0,12.0,1,1,0,0,1.0,0.0,0.0,0.0,0.0,0.0,0,0,0,0,0,0,0,0,0,0,0,0,0,0,1,0,0,0,0,0,0,0,0,0,686.7215257868567,444.0213524320345,180.0,2019-12-27
180.0,107.17,30523.5,12.0,1,1,0,1,0.0,0.0,1.0,0.0,0.0,0.0,0,0,0,0,0,0,0,0,0,1,0,0,0,0,0,0,0,0,0,0,0,0,0,0,654.0298126896661,378.01601432402583,48.0,2019-12-28
48.0,14.16,13611.02,12.0,1,1,0,1,0.0,0.0,0.0,0.0,1.0,0.0,0,0,0,0,0,1,0,0,0,0,0,0,0,0,0,0,0,0,0,0,0,0,0,0,614.931113132018,295.51201074301935,2401.0,2019-12-31
2401.0,1836.92,537338.39,,13,13,0,1,,,,,,,0,0,0,1,1,0,0,0,0,1,1,0,0,0,1,0,0,1,1,0,1,1,0,0,730.1613693146021,821.8840080572647,,
