Date,sum_QTY,sum_Freight,sum_LineAmount,no_unique_customers,no_orders,InvoiceCat_DD-SGE,InvoiceCat_SGE,WeekDay_Friday,WeekDay_Monday,WeekDay_Saturday,WeekDay_Thursday,WeekDay_Tuesday,WeekDay_Wednesday,State_AP,State_AS,State_BH,State_CH,State_CT,State_DL,State_DN,State_GA,State_GJ,State_HR,State_JH,State_JK,State_KA,State_KL,State_MH,State_MP,State_OR,State_PB,State_RJ,State_TN,State_TS,State_UP,State_UT,State_WB,mean_sum_QTY,SMA30,CMA30,EMA30,EMA7
2018-04-07,84.0,61.58,17014.32,2,2,0,1,0,0,1,0,0,0,0,0,0,1,0,0,0,0,0,0,0,0,0,0,0,0,0,0,0,0,1,0,0,0,42.0,84.0,,84.0,84.0
2018-04-09,10.0,0.0,2932.1,1,1,0,1,0,1,0,0,0,0,0,0,0,0,0,0,0,0,0,0,0,0,0,0,0,1,0,0,0,0,0,0,0,0,10.0,47.0,,45.76666666666667,41.714285714285715
2018-04-10,382.0,0.0,58157.7,2,2,1,0,0,0,0,0,1,0,0,0,0,0,0,0,1,0,0,1,0,0,0,0,0,0,0,0,0,0,0,0,0,0,191.0,158.66666666666666,,165.39651980747874,188.86486486486487
2018-04-12,12.0,6.24,2855.36,1,1,0,1,0,0,0,1,0,0,0,0,0,0,0,0,0,0,0,0,0,0,0,0,0,0,0,1,0,0,0,0,0,0,12.0,122.0,,123.1301886792453,124.18285714285715
2018-05-07,42.0,15.0,10662.12,2,2,0,1,0,1,0,0,0,0,0,0,0,1,1,0,0,0,0,0,0,0,0,0,0,0,0,0,0,0,0,0,0,0,21.0,106.0,,104.67110651118344,97.24455825864277
2018-05-09,19.0,10.92,5524.74,1,1,0,1,0,0,0,0,0,1,0,0,0,0,0,0,0,0,0,0,0,0,0,0,1,0,0,0,0,0,0,0,0,0,19.0,91.5,,87.91090405246189,73.44817344817345
2018-05-10,167.0,112.21000000000001,33474.38,4,4,0,1,0,0,0,1,0,0,0,0,0,0,0,0,0,0,1,0,0,0,0,0,0,0,0,1,1,0,0,0,0,1,41.75,102.28571428571429,,101.5898784420684,100.43896597872791
2018-05-11,616.0,445.52,127167.91,3,3,0,1,1,0,0,0,0,0,0,0,0,0,1,0,0,0,0,0,0,0,0,0,1,0,0,1,0,0,0,0,0,0,205.33333333333334,166.5,,181.85633473690203,243.6683340398474
2018-06-07,36.0,21.0,9333.36,2,2,0,1,0,0,0,1,0,0,0,0,0,0,0,0,0,0,1,0,0,0,0,0,0,0,0,0,0,0,1,0,0,0,18.0,152.0,,161.00574870186904,187.5366182602563
2018-06-09,24.0,11.54,5710.73,1,1,0,1,0,0,1,0,0,0,0,0,0,0,0,0,0,0,0,0,0,0,0,0,0,0,0,1,0,0,0,0,0,0,24.0,139.2,,142.84486099691702,144.21274406863077
2018-06-10,444.0,0.0,116310.24,1,1,0,1,0,0,0,0,0,0,1,0,0,0,0,0,0,0,0,0,0,0,0,0,0,0,0,0,0,0,0,0,0,0,444.0,166.9090909090909,,180.22158494754646,222.46453300182193
2018-06-11,24.0,0.0,6978.61,1,1,0,1,0,1,0,0,0,0,0,0,0,0,1,0,0,0,0,0,0,0,0,0,0,0,0,0,0,0,0,0,0,0,24.0,155.0,,161.92322917997456,171.2253286777639
2018-06-12,120.0,107.69,31435.2,1,1,0,1,0,0,0,0,1,0,0,0,0,0,0,0,0,0,0,0,0,0,0,0,0,0,0,1,0,0,0,0,0,0,120.0,152.30769230769232,,157.2581787261258,158.10734920664407
2018-06-13,312.0,6.0,50090.32,3,3,1,0,0,0,0,0,0,1,0,0,0,0,0,0,0,0,1,0,0,0,0,0,1,0,0,0,0,0,0,0,0,0,104.0,163.71428571428572,,173.70804020058338,197.27846073380678
2018-06-14,72.0,59.64,18887.18,1,1,0,1,0,0,0,1,0,0,0,0,0,0,0,0,0,0,0,1,0,0,0,0,0,0,0,0,0,0,0,0,0,0,72.0,157.6,,163.3296492442189,165.5346382158226
2018-06-15,48.0,39.93,12574.08,1,1,0,1,1,0,0,0,0,0,1,0,0,0,0,0,0,0,0,0,0,0,0,0,0,0,0,0,0,0,0,0,0,0,48.0,150.75,,151.98692974649492,135.85349657760247
2018-06-16,237.0,55.86,44151.57,3,6,1,0,0,0,1,0,0,0,0,0,0,1,0,0,0,0,1,0,0,0,0,0,1,0,0,0,0,0,0,0,0,0,39.5,155.8235294117647,,160.07436820291895,161.3316402844732
2018-06-18,2532.0,1812.8600000000001,480273.31,3,3,0,1,0,1,0,0,0,0,0,0,0,0,0,0,0,0,0,0,0,0,0,0,1,1,0,0,1,0,0,0,0,0,844.0,287.8333333333333,,379.01665686033635,757.3589594586813
2018-06-19,1957.0,1422.25,377676.15,7,7,0,1,0,0,0,0,1,0,1,0,0,0,0,0,0,0,1,0,0,0,0,0,1,0,0,0,0,0,1,1,1,0,279.57142857142856,375.6842105263158,,520.7352353444676,1058.542709599691
2018-06-20,256.0,43.2,46603.45,3,5,1,0,0,0,0,0,0,1,0,0,0,0,0,0,0,0,1,0,0,0,0,0,1,0,0,0,0,0,0,1,0,0,51.2,369.7,,497.5459273804873,857.2687498155042
2018-06-21,1760.0,1004.7900000000001,329716.96,6,9,1,0,0,0,0,1,0,0,0,0,0,0,0,0,0,0,1,1,0,0,0,0,1,0,0,1,0,0,1,1,0,0,195.55555555555554,435.9047619047619,,605.635249381956,1083.4896080765432
2018-06-22,345.0,81.46,56438.4,3,5,1,0,1,0,0,0,0,0,0,0,0,0,0,0,0,0,1,1,0,0,0,0,1,0,0,0,0,0,0,0,0,0,69.0,431.77272727272725,,583.781240970568,898.5372868647546
2018-06-23,192.0,0.0,30107.52,1,1,0,0,0,0,1,0,0,0,0,0,0,0,0,0,0,0,1,0,0,0,0,0,0,0,0,0,0,0,0,0,0,0,192.0,421.3478260869565,,551.5538196042943,721.6663374580496
2018-06-26,515.0,40.2,88281.81,3,3,1,0,0,0,0,0,1,0,0,0,0,0,0,0,0,0,1,1,0,0,0,1,0,0,0,0,0,0,0,0,0,0,171.66666666666666,425.25,,548.5993689761698,669.9478592235884
2018-06-27,39.0,18.58,6389.84,1,2,0,1,0,0,0,0,0,1,0,0,0,0,0,0,0,0,0,1,0,0,0,0,0,0,0,0,0,0,0,0,0,0,19.5,409.8,,508.0721058370039,512.0921010995813
2018-06-28,504.0,357.69,97776.0,1,2,0,1,0,0,0,1,0,0,0,0,0,0,0,0,0,0,0,0,0,0,0,0,1,0,0,0,0,0,0,0,0,0,252.0,413.4230769230769,,507.75305017152135,510.0679333690481
2018-06-30,400.0,273.16,65536.8,1,1,0,1,0,0,1,0,0,0,0,0,0,0,0,0,0,0,0,1,0,0,0,0,0,0,0,0,0,0,0,0,0,0,400.0,412.9259259259259,,499.425648169971,482.53929699822874
2018-07-07,24.0,20.34,6092.64,1,1,0,1,0,0,1,0,0,0,0,0,0,0,0,0,0,0,0,0,0,0,0,0,0,0,0,0,0,0,0,1,0,0,24.0,399.0357142857143,,463.14680877436325,367.86806701012284
2018-07-09,14.0,4.3,3457.14,2,2,1,0,0,1,0,0,0,0,0,0,0,0,1,0,0,0,0,0,0,0,0,0,1,0,0,0,0,0,0,0,0,0,7.0,385.7586206896552,,429.2727016253788,279.37998040764467
2018-07-31,9.0,0.0,2878.65,1,1,0,1,0,0,0,0,1,0,1,0,0,0,0,0,0,0,0,0,0,0,0,0,0,0,0,0,0,0,0,0,0,0,9.0,373.2,373.2,397.91809313790066,211.7729118941281
2018-08-06,4080.0,2916.9300000000003,776858.54,6,6,0,1,0,1,0,0,0,0,0,0,0,0,0,0,0,0,1,0,1,0,0,0,1,0,0,0,0,0,0,0,0,1,680.0,506.4,492.7741935483871,669.877378977839,1178.9592255357015
2018-08-12,10.0,0.0,2929.59,1,1,0,1,0,0,0,0,0,0,0,0,0,0,0,0,0,0,0,0,0,0,0,0,0,1,0,0,0,0,0,0,0,0,10.0,506.4,477.6875,621.5899086982736,886.6900600051353
2018-08-18,1008.0,505.0,189504.0,1,1,0,1,0,0,1,0,0,0,0,0,0,0,0,0,0,0,1,0,0,0,0,0,0,0,0,0,0,0,0,0,0,0,1008.0,527.2666666666667,493.75757575757575,649.6232422899997,917.0198300280791
2018-08-20,8400.0,6303.354,1608577.0,21,23,0,1,0,1,0,0,0,0,1,0,0,1,0,0,0,0,1,1,1,0,1,0,1,1,0,1,1,1,0,0,1,0,640.1304347826087,806.8666666666667,726.2941176470588,1207.4184467084242,2787.870583987782
2018-08-21,424.0,328.47,110536.44,4,4,0,1,0,0,0,0,1,0,0,0,0,1,1,0,0,0,0,0,0,0,0,0,0,0,1,1,0,0,0,0,0,0,106.0,819.6,717.6571428571428,1151.4529255726882,2196.8778926856107
2018-08-22,492.0,73.16,91713.3,4,5,1,0,0,0,0,0,0,1,0,0,0,0,0,0,0,0,1,0,0,1,0,0,1,0,0,0,0,0,0,1,0,0,98.4,835.3666666666667,711.3888888888889,1104.6670282567102,1770.6448722196492
2018-08-23,1789.0,883.4300000000001,327397.55,5,6,1,0,0,0,0,1,0,0,0,0,0,0,0,0,0,0,1,0,0,0,0,0,0,0,0,0,1,0,1,1,0,0,298.1666666666667,889.4333333333333,740.5135135135135,1152.9078705364304,1775.2337635539552
2018-08-24,2036.0,1093.46,371879.83999999997,5,5,1,0,1,0,0,0,0,0,0,0,0,0,1,0,0,0,1,0,1,0,0,1,1,0,0,0,0,0,0,0,0,0,407.2,936.7666666666667,774.6052631578947,1214.7900121685157,1840.426488205355
2018-08-25,220.0,10.0,36440.7,4,5,1,0,0,0,1,0,0,0,0,0,0,0,0,0,0,0,1,0,0,0,0,0,0,0,1,0,0,0,0,0,0,0,44.0,942.9,760.3846153846154,1145.4660303552064,1435.31443409552
2018-08-28,46.0,0.0,7213.26,2,2,0,0,0,0,0,0,1,0,0,0,0,0,0,0,0,0,1,0,0,0,0,0,0,0,0,1,0,0,0,0,0,0,23.0,943.6333333333333,742.525,1069.2416359339059,1087.9823325967818
2018-08-29,12.0,6.0,3046.32,1,1,0,1,0,0,0,0,0,1,0,0,0,0,0,0,0,0,0,0,0,0,0,0,0,0,0,0,0,0,1,0,0,0,12.0,929.2333333333333,724.7073170731708,996.2956452852568,818.984720549541
2018-08-30,392.0,0.0,61469.52,1,1,0,0,0,0,0,1,0,0,0,0,0,0,0,0,0,0,0,0,0,0,0,0,1,0,0,0,0,0,0,0,0,0,392.0,941.5,716.7857142857143,954.7873238308151,712.237936563836
2018-08-31,60.0,7.67,10382.11,2,2,0,1,1,0,0,0,0,0,0,0,0,1,0,0,0,0,0,1,0,0,0,0,0,0,0,0,0,0,0,0,0,0,30.0,939.5,701.5116279069767,893.5808799870068,549.1777606202093
2018-09-06,3204.0,2409.4,621540.72,3,4,0,1,0,0,0,1,0,0,0,0,0,0,0,0,0,0,0,0,0,0,0,0,0,1,0,0,1,0,0,1,0,0,801.0,1035.9,758.3863636363636,1051.0093126098814,1212.885432360667
2018-09-07,12.0,7.0,3489.31,1,1,0,1,1,0,0,0,0,0,1,0,0,0,0,0,0,0,0,0,0,0,0,0,0,0,0,0,0,0,0,0,0,0,12.0,1033.9,741.8,980.4683275749885,912.6633577980851
2018-09-26,12.0,6.0,3489.31,1,1,0,1,0,0,0,0,0,1,0,0,0,0,0,0,0,0,0,0,0,0,0,0,1,0,0,0,0,0,0,0,0,0,12.0,1032.7,725.9347826086956,914.9378076413818,687.4971153333913
2018-09-27,5653.0,3423.2400000000002,1054029.59,14,18,1,0,0,0,0,1,0,0,0,0,0,0,0,0,0,0,1,0,0,0,0,0,1,1,0,0,1,1,1,0,0,1,314.05555555555554,1213.2333333333333,830.7659574468086,1234.5283784453782,1928.87450291521
2018-09-28,2658.0,1776.92,554223.73,16,17,1,0,1,0,0,0,0,0,1,0,0,0,1,0,0,0,1,1,1,0,0,0,1,0,1,1,0,0,1,1,0,0,156.35294117647058,1217.4333333333334,868.8333333333334,1330.26298548101,2111.1560607063966
2018-09-30,51.0,0.0,7997.81,2,2,0,0,0,0,0,0,0,0,0,0,0,0,0,0,0,0,1,0,0,0,0,0,1,0,0,0,0,0,0,0,0,0,25.5,1153.9,852.1428571428571,1244.4619703274298,1596.1166566258396
2018-10-07,2.0,0.0,563.57,1,1,0,1,0,0,0,0,0,0,0,0,0,0,0,0,0,0,0,0,1,0,0,0,0,0,0,0,0,0,0,0,0,0,2.0,1145.4333333333334,835.14,1161.3415574429735,1197.5872667735555
2018-10-08,50.0,0.0,7840.5,1,1,0,0,0,1,0,0,0,0,0,0,0,0,0,0,0,0,1,0,0,0,0,0,0,0,0,0,0,0,0,0,0,0,50.0,1088.4333333333334,819.7450980392157,1087.1698675178038,910.6903282232046
2018-10-10,10.0,0.0,2932.1,1,1,0,1,0,0,0,0,0,1,0,0,0,0,0,0,0,0,0,0,0,0,0,0,0,1,0,0,0,0,0,0,0,0,10.0,1077.2666666666667,804.1730769230769,1015.4383896167523,685.5176744373189
2018-10-15,504.0,353.68,97776.0,1,2,0,1,0,1,0,0,0,0,0,0,0,0,0,0,0,0,0,0,0,0,0,0,1,0,0,0,0,0,0,0,0,0,252.0,1087.6666666666667,798.5094339622641,981.4509798466448,640.1382449860743
2018-10-16,5036.0,3076.6,943269.0,6,6,1,0,0,0,0,0,1,0,0,0,0,0,0,0,1,0,1,0,0,0,0,0,0,1,0,0,1,0,0,0,0,0,839.3333333333334,1238.3666666666666,876.9814814814815,1250.3729393142646,1739.1038806606932
2018-10-17,48.0,50.16,12259.73,1,1,0,1,0,0,0,0,0,1,0,0,0,0,0,0,0,0,0,0,0,0,0,0,0,0,0,0,0,0,0,1,0,0,48.0,1238.6666666666667,861.9090909090909,1170.768441904643,1316.3278536783184
2018-10-18,564.0,380.31,113525.04,3,3,0,1,0,0,0,1,0,0,0,0,0,0,0,0,0,0,0,0,0,0,0,0,1,0,0,0,0,0,0,1,0,0,188.0,1240.6666666666667,856.5892857142857,1130.6644093724528,1128.245871301375
2018-10-20,12.0,8.0,2855.36,1,1,0,1,0,0,1,0,0,0,0,0,0,0,0,0,0,0,0,0,0,0,0,0,0,0,0,1,0,0,0,0,0,0,12.0,1227.7333333333333,841.7719298245614,1056.8434032602665,849.1843823804294
2018-10-23,516.0,353.69,101265.31,2,2,0,1,0,0,0,0,1,0,0,0,0,0,0,0,0,0,1,0,0,0,0,0,1,0,0,0,0,0,0,0,0,0,258.0,1244.1333333333334,836.1551724137931,1021.2055183891474,765.888282062757
2018-10-24,1572.0,1112.18,311061.60000000003,4,4,0,1,0,0,0,0,0,1,1,0,0,0,0,0,0,1,1,0,0,0,0,0,0,0,0,0,0,0,0,0,0,1,393.0,1296.0666666666666,848.6271186440678,1057.4492023901778,967.4162201164556
2018-10-27,20.0,7.17,5077.2,1,1,0,1,0,0,1,0,0,0,0,0,0,0,0,0,0,0,0,0,0,0,1,0,0,0,0,0,0,0,0,0,0,0,20.0,1296.4333333333334,834.8166666666667,989.2701018527424,730.5621575336955
2018-10-29,18.0,0.0,2822.58,1,1,0,0,0,1,0,0,0,0,0,0,0,0,0,0,0,0,0,0,0,0,0,0,1,0,0,0,0,0,0,0,0,0,18.0,1161.0333333333333,821.4262295081967,925.516784440921,552.4216138893863
2018-10-31,10.0,78.0,1568.2,1,1,0,0,0,0,0,0,0,1,0,0,0,0,0,0,0,0,1,0,0,0,0,0,0,0,0,0,0,0,0,0,0,0,10.0,1161.0333333333333,808.3387096774194,865.4904750395409,416.81620798441384
2018-11-06,3044.0,2171.12,583119.04,6,6,0,1,0,0,0,0,1,0,1,0,0,0,0,0,0,0,1,0,0,0,0,0,0,0,0,1,0,0,0,0,0,0,507.3333333333333,1228.9,843.8253968253969,1008.1757973900778,1073.6121648250094
2018-11-07,120.0,0.0,18817.2,1,2,0,0,0,0,0,0,0,1,0,0,0,0,0,0,0,0,0,0,0,0,0,0,1,0,0,0,0,0,0,0,0,0,60.0,952.9,832.515625,950.0601477515048,835.2091212131058
2018-11-09,12.0,6.32,3143.52,1,1,0,1,1,0,0,0,0,0,0,0,0,0,1,0,0,0,0,0,0,0,0,0,0,0,0,0,0,0,0,0,0,0,12.0,939.1666666666666,819.8923076923077,888.7366365608227,629.4068393523141
2018-11-10,212.0,139.66,46666.799999999996,2,2,0,1,0,0,1,0,0,0,0,0,0,0,0,0,0,0,1,0,0,0,1,0,0,0,0,0,0,0,0,0,0,0,106.0,929.8333333333334,810.6818181818181,844.5344068426214,525.0551289219339
2018-11-12,12.0,5.18,2999.44,2,2,0,1,0,1,0,0,0,0,1,0,0,0,0,0,0,0,0,0,0,0,0,0,0,0,0,1,0,0,0,0,0,0,6.0,870.6,798.7611940298508,790.1994759949038,396.7913461454303
2018-11-13,12.0,0.0,3838.2,1,1,0,1,0,0,0,0,1,0,0,0,0,1,0,0,0,0,0,0,0,0,0,0,0,0,0,0,0,0,0,0,0,0,12.0,803.1333333333333,787.1911764705883,739.4486662922112,300.59350930193636
2018-11-15,1128.0,861.9100000000001,222991.2,2,2,0,1,0,0,0,1,0,0,0,0,0,0,0,0,0,0,0,0,0,0,1,0,1,0,0,0,0,0,0,0,0,0,564.0,833.4,792.1304347826087,764.7705925503573,507.4451324717726
2018-11-16,1152.0,901.3499999999999,227800.37,2,2,0,1,1,0,0,0,0,0,0,0,0,0,0,0,0,0,0,0,0,0,0,0,0,0,0,1,1,0,0,0,0,0,576.0,870.2666666666667,797.2714285714286,789.9898762686184,668.5838496432226
2018-11-17,1008.0,764.42,196560.0,1,1,0,1,0,0,1,0,0,0,0,0,0,0,0,0,0,0,0,0,0,0,0,0,1,0,0,0,0,0,0,0,0,0,1008.0,903.4666666666667,800.2394366197183,804.1796556378528,753.4378873467106
2018-11-19,504.0,250.75,97776.0,1,1,0,1,0,1,0,0,0,0,0,0,0,0,0,0,0,0,0,0,0,0,0,0,0,0,0,0,0,0,0,0,0,1,504.0,907.2,796.125,784.6528108759368,691.078415447037
2018-11-20,684.0,401.69,123624.0,2,2,0,1,0,0,0,0,1,0,0,0,0,0,0,0,0,0,0,1,0,0,0,0,0,0,0,0,0,0,1,0,0,0,342.0,928.0,794.5890410958904,778.108789606127,689.308811583937
2018-11-22,1004.0,299.27,176181.0,2,3,1,0,0,0,0,1,0,0,0,0,0,0,0,0,0,0,1,0,0,0,0,0,1,0,0,0,0,0,0,0,0,0,334.6666666666667,854.6666666666666,797.418918918919,792.7879489376387,767.981608732658
2018-11-23,30.0,14.32,7989.78,1,1,0,1,1,0,0,0,0,0,0,0,0,0,0,0,0,0,0,0,0,0,0,0,0,0,0,0,0,0,0,1,0,0,30.0,855.2666666666667,787.1866666666666,743.242607364696,583.4862064708649
2018-11-24,2205.0,0.0,347343.29999999993,2,6,1,0,0,0,1,0,0,0,0,0,0,0,1,0,0,0,1,0,0,0,0,0,0,0,0,0,0,0,0,0,0,0,367.5,928.3666666666667,805.8421052631579,838.1466313363871,988.8646549827222
2018-11-28,100.0,0.0,15681.0,1,2,0,0,0,0,0,0,0,1,0,0,0,0,0,0,0,0,1,0,0,0,0,0,0,0,0,0,0,0,0,0,0,0,50.0,743.2666666666667,796.6753246753246,790.242319374114,766.6484911837705
2018-11-29,509.0,0.0,79816.29000000001,1,2,0,0,0,0,0,1,0,0,0,0,0,0,0,0,1,0,0,0,0,0,0,0,0,0,0,0,0,0,0,0,0,0,254.5,671.6333333333333,792.9871794871794,771.9971970028555,702.2363683762469
2018-11-30,700.0,363.36,144859.26,5,5,1,0,1,0,0,0,0,0,0,0,0,0,0,0,0,0,1,0,0,0,1,0,0,0,0,0,0,0,1,0,0,0,140.0,693.2666666666667,791.8101265822785,767.3281676839674,701.6772762821098
2018-12-06,1008.0,717.08,189504.0,1,1,0,1,0,0,0,1,0,0,0,0,0,0,0,0,0,0,1,0,0,0,0,0,0,0,0,0,0,0,0,0,0,0,1008.0,726.8,794.5125,782.9305615018029,778.2579572193273
2018-12-11,210.0,108.14000000000001,53958.6,2,3,0,1,0,0,0,0,1,0,0,0,1,0,0,0,0,0,0,0,0,0,1,0,0,0,0,0,0,0,0,0,0,0,70.0,732.1333333333333,787.2962962962963,745.7999312676712,636.1934679037197
2018-12-13,539.0,350.89,110763.94,3,3,0,1,0,0,0,1,0,0,0,0,0,0,1,0,0,0,0,0,0,0,0,0,1,0,0,0,0,0,0,0,0,0,179.66666666666666,749.7666666666667,784.2682926829268,732.4015025134171,611.8951009264075
2018-12-15,24.0,17.26,4800.0,1,1,0,1,0,0,1,0,0,0,0,0,0,0,0,0,0,0,0,0,0,0,1,0,0,0,0,0,0,0,0,0,0,0,24.0,733.7666666666667,775.1084337349398,686.5171801939056,464.9213256885348
2018-12-17,594.0,502.49,118969.68,3,3,0,1,0,1,0,0,0,0,0,0,0,0,1,0,0,0,1,0,0,0,0,0,0,0,0,0,0,0,0,0,0,1,198.0,585.7,772.952380952381,680.5262220435312,497.1909942674337
2018-12-18,36.0,13.27,9776.35,2,2,0,1,0,0,0,0,1,0,0,0,0,0,0,0,0,0,0,0,0,0,1,0,0,0,0,0,0,0,0,1,0,0,18.0,585.3,764.2823529411764,638.7998406745904,381.8932456978082
2018-12-19,48.0,39.98,9600.0,1,1,0,1,0,0,0,0,0,1,0,0,0,0,0,0,0,0,0,0,1,0,0,0,0,0,0,0,0,0,0,0,0,0,48.0,568.1,755.953488372093,600.5602308376269,298.41993427185366
2018-12-20,1596.0,1301.35,314757.29,4,5,1,0,0,0,0,1,0,0,0,0,0,0,0,0,0,0,0,0,0,0,0,0,1,0,0,0,1,0,1,0,0,0,319.2,620.9,765.6091954022988,664.9767572179595,622.8149507082695
2018-12-21,12.0,0.0,3489.31,1,1,0,1,1,0,0,0,0,0,0,0,0,0,0,0,0,0,0,0,0,0,1,0,0,0,0,0,0,0,0,0,0,0,12.0,604.1,757.0454545454545,622.7298284604826,470.111213029656
2018-12-26,522.0,5.48,82828.45999999999,2,4,1,0,0,0,0,0,0,1,0,0,0,0,0,0,0,0,0,0,0,0,0,0,1,0,0,1,0,0,0,0,0,0,130.5,569.1,754.4044943820224,616.2139029485422,483.08340977234053
2018-12-27,1133.0,970.34,230272.5,3,3,0,1,0,0,0,1,0,0,0,0,0,0,0,0,0,0,1,0,0,0,1,0,0,0,0,1,0,0,0,0,0,0,377.6666666666667,606.2,758.6111111111111,649.6376065187559,645.5625573301808
2018-12-28,504.0,434.83,100800.0,1,1,0,1,1,0,0,0,0,0,0,0,0,0,0,0,0,0,0,0,0,0,0,0,1,0,0,0,0,0,0,0,0,0,504.0,622.4,755.8131868131868,640.21984219274,610.1719179974845
2018-12-30,1004.0,434.83,179210.0,2,2,1,0,0,0,0,0,0,0,0,0,0,0,0,0,0,0,1,0,0,0,0,0,0,1,0,0,0,0,0,0,0,0,502.0,655.5333333333333,758.5108695652174,663.7404380579352,708.6289384984287
2018-12-31,315.0,214.51,64803.65,3,4,1,0,0,1,0,0,0,0,0,0,1,0,0,0,0,0,1,0,0,0,1,0,0,0,0,0,0,0,0,0,0,0,78.75,564.5666666666667,753.741935483871,641.1954063926379,610.2217038735852
2019-01-15,2016.0,1735.1299999999999,399168.0,3,3,0,1,0,0,0,0,1,0,0,0,0,0,0,0,0,0,1,0,0,0,0,0,0,0,0,0,0,0,1,0,0,0,672.0,627.7666666666667,767.1702127659574,730.0608006421547,961.6662779058222
2019-01-18,632.0,460.18,124767.06,3,3,1,0,1,0,0,0,0,0,0,0,0,0,0,0,0,0,1,0,0,0,0,0,1,0,0,1,0,0,0,0,0,0,210.66666666666666,648.4333333333333,765.7473684210527,723.7230672949479,879.2497084292553
2019-01-19,1008.0,860.47,197568.0,1,1,0,1,0,0,1,0,0,0,0,0,0,0,0,0,0,0,1,0,0,0,0,0,0,0,0,0,0,0,0,0,0,0,1008.0,674.9666666666667,768.2708333333334,742.0939665511413,911.4372813219741
2019-01-22,340.0,89.07000000000001,65355.62,4,5,1,0,0,0,0,0,1,0,0,0,0,0,1,0,0,0,1,0,0,0,0,0,0,0,0,0,0,0,0,0,0,0,68.0,685.9,763.8556701030927,716.1121308732189,768.5779609913719
2019-01-23,36.0,0.0,5645.16,1,1,0,0,0,0,0,0,0,1,0,0,0,0,0,0,0,0,1,0,0,0,0,0,0,0,0,0,0,0,0,0,0,0,36.0,686.7,756.4285714285714,672.1701852089045,585.4334707434244
2019-01-24,500.0,0.0,78405.0,1,2,0,0,0,0,0,1,0,0,0,0,0,0,0,0,0,0,1,0,0,0,0,0,0,0,0,0,0,0,0,0,0,0,250.0,665.7666666666667,753.8383838383838,661.047337124183,564.0751030575592
2019-01-30,8.0,5.82,2095.68,1,1,0,1,0,0,0,0,0,1,1,0,0,0,0,0,0,0,0,0,0,0,0,0,0,0,0,0,0,0,0,0,0,0,8.0,627.6333333333333,746.38,618.8616964707638,425.0563272931248
2019-01-31,74.0,34.76,17912.940000000002,2,2,1,0,0,0,0,1,0,0,0,0,0,0,0,0,0,0,1,0,0,0,0,0,0,0,0,0,0,0,0,1,0,0,37.0,596.5,739.7227722772277,583.6675327023895,337.2922454698225
2019-02-14,288.0,287.51,68528.74,1,2,0,1,0,0,0,1,0,0,0,0,0,0,0,0,0,0,0,0,0,0,0,0,0,0,0,1,0,0,0,0,0,0,144.0,589.3,735.2941176470588,564.5709922950542,324.96918410236464
2019-02-16,528.0,443.43,107087.04,2,2,0,1,0,0,1,0,0,0,0,0,0,0,0,1,0,0,0,0,0,0,0,0,0,0,0,1,0,0,0,0,0,0,264.0,584.1,733.2815533980582,562.2091187512268,375.72688807678037
2019-02-18,2924.0,1634.85,525928.32,5,9,1,0,0,1,0,0,0,0,0,0,0,0,0,0,0,0,1,1,0,0,0,0,0,0,0,0,1,0,0,0,0,0,324.8888888888889,648.1,754.3461538461538,714.7310126091222,1012.7951660576499
2019-02-19,1700.0,1053.93,365652.32,3,3,0,1,0,0,0,0,1,0,0,0,0,0,0,0,0,0,1,0,0,0,1,0,1,0,0,0,0,0,0,0,0,0,566.6666666666666,703.7666666666667,763.3523809523809,778.3546206315543,1184.5963745432507
2019-02-20,36.0,30.59,9430.56,1,1,0,1,0,0,0,0,0,1,0,0,0,0,0,0,0,0,0,0,0,0,0,0,0,0,0,0,0,0,1,0,0,0,36.0,631.4666666666667,756.4905660377359,730.4199894063922,897.4472809074216
2019-02-21,149.0,44.49,28302.690000000002,3,3,0,1,0,0,0,1,0,0,0,0,0,0,0,0,0,0,0,1,0,0,1,0,1,0,0,0,0,0,0,0,0,0,49.666666666666664,633.1,750.8130841121496,692.8791417964118,710.3354606805582
2019-02-25,27.0,7.17,7850.9400000000005,2,2,0,1,0,1,0,0,0,0,0,0,0,0,0,0,0,0,0,0,0,0,1,0,1,0,0,0,0,0,0,0,0,0,13.5,617.0333333333333,744.1111111111111,649.8871855153762,539.5015955104132
2019-02-27,692.0,605.05,150048.48,3,3,0,1,0,0,0,0,0,1,0,0,0,0,1,0,0,0,0,0,0,0,0,0,0,1,0,0,0,0,0,0,0,1,230.66666666666666,616.7666666666667,743.6330275229358,652.6060351244071,577.6261966328108
2019-02-28,24.0,15.0,6601.39,1,1,0,1,0,0,0,1,0,0,0,0,0,0,1,0,0,0,0,0,0,0,0,0,0,0,0,0,0,0,0,0,0,0,24.0,583.9666666666667,737.0909090909091,612.0243632812151,439.21964747460555
2019-03-01,1043.0,885.22,209035.46,2,2,0,1,1,0,0,0,0,0,0,0,0,0,0,0,0,0,1,0,1,0,0,0,0,0,0,0,0,0,0,0,0,0,521.5,611.7333333333333,739.8468468468468,639.8462026689508,590.1647356059563
2019-03-13,15.0,8.33,4361.63,1,1,0,1,0,0,0,0,0,1,0,0,0,0,0,0,0,0,0,0,0,0,0,0,0,0,1,0,0,0,0,0,0,0,15.0,594.2666666666667,733.375,599.5105429819876,446.3735517044657
2019-03-14,1010.0,795.47,198144.31,2,2,0,1,0,0,0,1,0,0,0,0,0,0,0,0,0,0,1,0,0,0,0,0,1,0,0,0,0,0,0,0,0,0,505.0,627.1333333333333,735.8230088495575,626.0078690371314,587.2801637783505
2019-03-16,1008.0,795.47,197568.0,1,1,0,1,0,0,1,0,0,0,0,0,0,0,0,0,0,0,0,0,0,0,0,0,1,0,0,0,0,0,0,0,0,0,1008.0,640.9333333333333,738.2105263157895,650.664827549883,692.4601228337634
2019-03-18,504.0,396.69,97776.0,1,1,0,1,0,1,0,0,0,0,0,0,0,0,0,0,0,1,0,0,0,0,0,0,0,0,0,0,0,0,0,0,0,0,504.0,656.5333333333333,736.1739130434783,641.1981611223384,645.3450921253224
2019-03-19,99.0,66.41,24420.239999999998,2,2,1,0,0,0,0,0,1,0,0,0,0,0,0,0,0,0,1,0,0,0,0,0,0,0,0,0,0,0,1,0,0,0,49.5,658.2333333333333,730.6810344827586,606.2023509398673,508.75881909399135
2019-03-20,1272.0,926.19,242012.4,2,3,0,1,0,0,0,0,0,1,0,0,0,0,0,0,0,0,0,1,0,0,0,0,0,0,0,0,1,0,0,0,0,0,424.0,647.4333333333333,735.3076923076923,649.1745943814956,699.5691143204939
2019-03-22,504.0,295.0,100800.0,1,1,0,1,1,0,0,0,0,0,0,0,0,0,0,0,0,0,0,0,0,0,0,0,0,0,0,0,0,0,0,0,0,1,504.0,663.8333333333334,733.3474576271186,639.8049104810829,650.6768357403703
2019-03-23,100.0,55.1,27942.4,1,1,0,1,0,0,1,0,0,0,0,0,0,0,0,0,0,0,0,0,0,0,0,0,0,0,0,0,0,0,0,1,0,0,100.0,649.7666666666667,728.0252100840336,604.9663311662829,513.0076268052776
2019-03-26,24.0,14.26,6287.04,1,1,0,1,0,0,0,0,1,0,1,0,0,0,0,0,0,0,0,0,0,0,0,0,0,0,0,0,0,0,0,0,0,0,24.0,612.8,722.1583333333333,567.4720917027936,390.7557201039581
2019-03-27,8.0,0.0,2095.68,1,1,0,1,0,0,0,0,0,1,1,0,0,0,0,0,0,0,0,0,0,0,0,0,0,0,0,0,0,0,0,0,0,0,8.0,596.2666666666667,716.2561983471074,531.3658207245855,295.0667900779685
2019-03-28,2416.0,1641.64,463904.96,5,6,1,0,0,0,0,1,0,0,0,0,0,0,0,0,0,0,1,0,0,0,0,0,1,0,1,0,1,0,0,0,0,0,402.6666666666667,643.3333333333334,730.188524590164,652.9907227445865,825.3000925584766
2019-03-29,24.0,14.89,6601.39,1,1,0,1,1,0,0,0,0,0,0,0,0,1,0,0,0,0,0,0,0,0,0,0,0,0,0,0,0,0,0,0,0,0,24.0,633.6333333333333,724.4471544715448,612.3995614381301,624.9750694188574
2019-03-30,1018.0,714.8599999999999,204303.1,3,3,1,0,0,0,1,0,0,0,1,0,0,0,0,0,0,0,0,0,0,0,0,0,0,1,0,0,0,1,0,0,0,0,339.3333333333333,600.3666666666667,726.8145161290323,638.5740363730567,723.231302064143
2019-03-31,627.0,435.27,126859.76000000001,4,6,1,0,0,0,0,0,0,0,1,0,0,0,0,0,0,0,0,0,0,0,0,0,1,0,0,0,0,0,0,0,0,0,104.5,600.2,726.016,637.8271453728086,699.1734765481073
2019-04-01,12.0,8.0,2855.36,1,1,0,1,0,1,0,0,0,0,0,0,0,0,0,0,0,0,0,0,0,0,0,0,0,0,0,1,0,0,0,0,0,0,12.0,567.0,720.3492063492064,597.4421474713489,527.3801074110804
2019-04-02,13.0,9.52,3462.24,1,1,0,1,0,0,0,0,1,0,0,0,0,0,0,0,0,0,1,0,0,0,0,0,0,0,0,0,0,0,0,0,0,0,13.0,556.1,714.7795275590552,559.7282936561442,398.7850805583103
2019-04-05,14.0,0.0,3667.44,1,1,0,1,1,0,0,0,0,0,0,0,0,0,0,0,0,0,0,0,0,0,0,0,0,0,1,0,0,0,0,0,0,0,14.0,555.3666666666667,709.3046875,524.5131082552331,302.5888104187327
2019-04-16,1512.0,1147.38,296352.0,1,1,0,1,0,0,0,0,1,0,0,0,0,0,0,0,0,0,1,0,0,0,0,0,0,0,0,0,0,0,0,0,0,0,1512.0,589.1,715.5271317829457,588.2336339668357,604.9416078140496
2019-04-18,1512.0,986.8299999999999,298368.0,2,2,0,1,0,0,0,1,0,0,0,0,0,0,0,0,0,0,1,0,0,0,0,0,0,0,0,0,0,0,0,0,0,0,756.0,639.2333333333333,721.6538461538462,647.8416975416937,831.7062058605372
2019-04-19,1336.0,763.3299999999999,259740.65,6,6,0,1,1,0,0,0,0,0,0,0,0,0,1,0,0,0,1,1,0,0,0,0,1,0,0,0,0,0,0,0,0,1,222.66666666666666,681.3,726.3435114503817,692.2461388999902,957.779654395403
2019-04-20,24.0,14.0,6287.04,1,1,0,1,0,0,1,0,0,0,0,0,0,0,0,0,0,0,1,0,0,0,0,0,0,0,0,0,0,0,0,0,0,0,24.0,672.5,721.0227272727273,649.1270064610745,724.3347407965522
2019-04-22,58.0,46.46,15193.68,2,2,0,1,0,1,0,0,0,0,0,0,0,0,0,0,0,0,0,0,0,0,0,0,0,0,0,0,0,0,0,1,1,0,29.0,656.8333333333334,716.0375939849624,610.9844193268985,557.751055597414
2019-04-23,79.0,16.04,15849.0,3,4,1,0,0,0,0,0,1,0,0,0,0,0,1,0,0,0,1,0,0,0,0,0,1,0,0,0,0,0,0,0,0,0,19.75,562.0,711.2835820895523,576.6583306398406,438.06329169806054
2019-04-24,552.0,388.83,108529.92,2,2,1,0,0,0,0,0,0,1,0,0,0,0,0,0,0,0,0,0,0,0,0,0,1,0,0,1,0,0,0,0,0,0,276.0,523.7333333333333,710.1037037037037,575.0672749005354,466.5474687735454
2019-04-25,504.0,402.58,100800.0,1,1,0,1,0,0,0,1,0,0,0,0,0,0,0,0,1,0,0,0,0,0,0,0,0,0,0,0,0,0,0,0,0,0,504.0,539.3333333333334,708.5882352941177,570.4817617981711,475.91060158015904
2019-04-26,450.0,0.0,76500.0,1,2,0,0,1,0,0,0,0,0,0,0,0,0,0,0,0,0,0,0,0,0,0,0,1,0,0,0,0,0,0,0,0,0,225.0,549.3666666666667,706.7007299270073,562.7079081304198,469.4329511851193
2019-04-27,716.0,543.35,155898.91999999998,5,5,0,1,0,0,1,0,0,0,0,0,0,1,0,0,0,0,0,0,0,0,0,0,0,0,0,1,1,0,1,1,0,0,143.2,572.3333333333334,706.768115942029,572.59871646876,531.0747133888395
2019-04-29,504.0,386.83,100800.0,1,1,0,1,0,1,0,0,0,0,0,0,0,0,0,0,0,0,1,0,0,0,0,0,0,0,0,0,0,0,0,0,0,0,504.0,566.0666666666667,705.3093525179856,568.172575887624,524.3060350416296
2019-04-30,1684.0,856.02,320750.4,6,9,1,0,0,0,0,0,1,0,0,0,0,0,0,0,1,0,1,1,0,0,0,0,0,0,1,0,1,0,1,0,0,0,187.11111111111111,621.4,712.3,640.1677862953742,814.2295262812222
2019-05-04,575.0,0.0,93404.4,1,3,0,0,0,0,1,0,0,0,0,0,0,0,0,0,0,0,1,0,0,0,0,0,0,0,0,0,0,0,0,0,0,0,191.66666666666666,605.8,711.3262411347517,635.9630663641367,754.4221447109165
2019-05-15,106.0,0.0,18315.97,2,3,1,0,0,0,0,0,0,1,0,0,0,0,0,1,0,0,0,0,0,0,0,0,1,0,0,0,0,0,0,0,0,0,35.333333333333336,608.8333333333334,707.0633802816901,601.7692638381199,592.3166085331874
2019-05-20,135.0,101.24,33844.72,3,3,0,1,0,1,0,0,0,0,0,0,0,1,1,0,0,0,0,0,0,0,0,0,0,0,0,0,0,0,0,1,0,0,45.0,579.6666666666666,703.0629370629371,571.6529451160578,477.9874563998905
2019-05-21,10.0,0.0,1700.0,1,1,0,0,0,0,0,0,1,0,0,0,0,0,0,0,0,0,1,0,0,0,0,0,0,0,0,0,0,0,0,0,0,0,10.0,546.4,698.25,535.4148255924811,360.9905922999178
2019-05-22,20.0,0.0,5941.32,1,1,0,1,0,0,0,0,0,1,0,0,0,0,0,0,0,0,0,0,0,0,0,0,0,0,0,0,0,0,0,1,0,0,20.0,530.2666666666667,693.5724137931035,502.1601566953642,275.74294422493836
2019-05-23,1236.0,570.0,236328.0,2,3,1,0,0,0,0,1,0,0,0,0,0,0,0,0,1,0,1,0,0,0,0,0,0,0,0,0,0,0,0,0,0,0,412.0,568.1666666666666,697.2876712328767,549.5074590914528,515.8072081687038
2019-05-25,46.0,24.91,12878.5,2,2,0,1,0,0,1,0,0,0,0,0,0,0,1,0,0,0,0,0,0,0,0,0,1,0,0,0,0,0,0,0,0,0,23.0,527.3,692.8571428571429,517.0213120141311,398.35540612652784
2019-05-27,110.0,66.33,27505.8,2,2,1,0,0,1,0,0,0,0,1,0,0,0,0,0,0,0,0,0,0,0,0,0,0,0,0,1,0,0,0,0,0,0,55.0,514.1666666666666,688.918918918919,490.76051521356027,326.26655459489587
2019-05-29,24.0,18.48,6287.04,1,1,0,1,0,0,0,0,0,1,1,0,0,0,0,0,0,0,0,0,0,0,0,0,0,0,0,0,0,0,0,0,0,0,24.0,511.6333333333333,684.4563758389262,460.64547748179814,250.69991594617187
2019-05-31,1596.0,977.4200000000001,310943.36,9,12,1,0,1,0,0,0,0,0,1,0,0,0,0,0,0,0,1,0,0,0,1,0,1,0,0,1,0,0,0,1,0,0,133.0,564.0333333333333,690.5333333333333,533.8974696866673,587.0249369596289
2019-06-04,180.0,0.0,25848.0,1,1,0,1,0,0,0,0,1,0,0,0,0,0,0,0,0,0,0,1,0,0,0,0,0,0,0,0,0,0,0,0,0,0,180.0,569.7666666666667,687.1523178807947,511.0644087148536,485.26870271972166
2019-06-06,50.0,0.0,8500.0,1,1,0,0,0,0,0,1,0,0,0,0,0,0,0,0,0,0,1,0,0,0,0,0,0,0,0,0,0,0,0,0,0,0,50.0,490.9,682.9605263157895,481.317140318111,376.4515270397912
2019-06-13,24.0,0.0,7194.4,1,1,0,1,0,0,0,1,0,0,0,0,0,0,0,0,0,0,0,0,0,0,1,0,0,0,0,0,0,0,0,0,0,0,24.0,490.9,678.6535947712418,451.81171609678825,288.3386452798434
2019-06-14,1547.0,1180.4,306201.59,3,3,0,1,1,0,0,0,0,0,0,0,0,0,0,0,0,0,0,0,0,0,0,0,0,1,0,0,1,1,0,0,0,0,515.6666666666666,508.53333333333336,684.2922077922078,522.4714724626103,603.0039839598826
2019-06-15,10.0,5.5,2700.6,1,1,0,1,0,0,1,0,0,0,0,0,0,0,0,0,0,0,0,0,0,0,0,0,0,1,0,0,0,0,0,0,0,0,10.0,487.96666666666664,679.941935483871,489.4077253518725,454.75298796991194
2019-06-18,195.0,0.0,28263.6,2,2,1,0,0,0,0,0,1,0,0,0,0,0,0,0,0,0,1,1,0,0,0,0,0,0,0,0,0,0,0,0,0,0,97.5,494.06666666666666,676.8333333333334,470.4131027252209,389.814740977434
2019-06-19,812.0,609.5799999999999,167749.77,4,4,0,1,0,0,0,0,0,1,0,0,0,0,1,0,0,0,0,1,0,0,0,0,0,0,0,0,0,0,1,1,0,0,203.0,520.7,677.6942675159236,492.4515920677494,495.3610557330755
2019-06-20,40.0,20.35,8000.0,1,1,0,1,0,0,0,1,0,0,0,0,0,0,0,0,0,0,0,0,0,0,0,0,0,0,0,0,0,0,0,0,1,0,40.0,521.5666666666667,673.6582278481013,463.2603923326807,381.52079179980655
2019-06-21,149.0,7.08,28055.510000000002,2,3,1,0,1,0,0,0,0,0,0,0,0,0,0,1,1,0,0,0,0,0,0,0,0,0,0,0,0,0,0,0,0,0,49.666666666666664,476.1333333333333,670.3584905660377,442.9850251107046,323.3905938498549
2019-06-22,12.0,6.89,3240.72,1,1,0,1,0,0,1,0,0,0,0,0,0,0,0,0,0,0,0,0,0,0,0,0,0,0,0,0,0,0,1,0,0,0,12.0,426.1333333333333,666.24375,415.17889404095735,245.54294538739114
2019-06-25,1032.0,791.36,202272.0,1,1,0,1,0,0,0,0,1,0,0,0,0,0,0,0,0,0,0,0,0,0,0,0,0,0,0,0,1,0,0,0,0,0,1032.0,416.0,668.5155279503106,454.97466843746304,442.1572090405434
2019-06-27,132.0,68.53,23204.36,2,2,0,1,0,0,0,1,0,0,0,0,0,0,0,0,0,0,0,1,0,0,0,0,0,0,0,1,0,0,0,0,0,0,66.0,419.6,665.2037037037037,434.13716967780624,364.6179067804075
2019-06-28,200.0,111.83,50645.6,1,1,0,1,1,0,0,0,0,0,0,0,0,0,0,0,0,0,0,0,0,0,0,0,0,0,0,0,0,0,0,1,0,0,200.0,424.3333333333333,662.3496932515337,419.031258706939,323.4634300853056
2019-06-29,1500.0,1150.76,294000.0,1,1,0,1,0,0,1,0,0,0,0,0,0,0,0,0,0,0,0,0,0,0,0,0,0,0,0,0,1,0,0,0,0,0,1500.0,471.7,667.4573170731708,488.7724175609741,617.5975725639793
2019-06-30,2097.0,1483.23,418489.58999999997,9,9,1,0,0,0,0,0,0,0,0,0,1,1,0,0,0,0,1,0,0,0,0,0,1,0,0,1,0,0,1,0,0,0,233.0,523.2,676.1212121212121,592.5307616732061,987.4481794229846
2019-07-02,32.0,6.98,6710.4,1,1,0,1,0,0,0,0,1,0,0,0,0,0,0,0,0,0,0,0,0,0,0,0,1,0,0,0,0,0,0,0,0,0,32.0,507.46666666666664,672.2409638554217,556.3669239953591,748.5861345672383
2019-07-03,1554.0,1143.96,296354.1,2,3,1,0,0,0,0,0,0,1,0,0,0,0,0,0,0,0,1,0,0,0,0,0,0,0,0,0,1,0,0,0,0,0,518.0,544.2666666666667,677.5209580838323,620.7312851860897,949.9396009254289
2019-07-16,1862.0,1462.77,377662.0,4,5,0,1,0,0,0,0,1,0,0,0,1,0,0,0,0,0,0,0,1,0,0,0,1,0,0,0,0,0,0,0,0,0,372.4,582.4666666666667,684.5714285714286,700.8142282884728,1177.9547006940718
2019-07-17,516.0,394.9,103995.91,2,2,0,1,0,0,0,0,0,1,0,0,0,0,0,0,0,0,0,0,0,0,0,0,1,0,0,0,0,0,0,0,0,0,258.0,582.8666666666667,683.5739644970414,688.8905777938156,1012.4660255205538
2019-07-18,504.0,285.0,100800.0,1,1,0,1,0,0,0,1,0,0,0,0,0,0,0,0,0,0,1,0,0,0,0,0,0,0,0,0,0,0,0,0,0,0,504.0,543.5333333333333,682.5176470588235,676.9620112657384,885.3495191404154
2019-07-19,12.0,5.89,3240.72,1,1,0,1,1,0,0,0,0,0,0,0,0,0,0,0,0,0,1,0,0,0,0,0,0,0,0,0,0,0,0,0,0,0,12.0,524.7666666666667,678.5964912280701,634.0607580700453,667.0121393553114
2019-07-20,96.0,67.47999999999999,25601.69,2,2,0,1,0,0,1,0,0,0,1,0,0,0,0,0,0,0,0,0,0,0,0,0,0,0,0,0,0,0,0,1,0,0,48.0,524.4333333333333,675.2093023255813,599.3467987419616,524.2591045164835
2019-07-22,575.0,389.83,112870.0,2,2,1,0,0,1,0,0,0,0,0,0,0,0,0,0,0,0,0,0,0,0,0,0,1,1,0,0,0,0,0,0,0,0,287.5,539.1,674.6300578034682,597.776022207996,536.9443283873626
2019-07-24,24.0,0.0,7194.4,1,1,0,1,0,0,0,0,0,1,0,0,0,0,0,0,0,0,0,0,0,0,1,0,0,0,0,0,0,0,0,0,0,0,24.0,539.5666666666667,670.8908045977012,560.757876467662,408.7082462905219
2019-07-25,24.0,16.29,6481.44,1,1,0,1,0,0,0,1,0,0,0,0,0,0,0,0,0,0,0,0,0,0,0,0,0,1,0,0,0,0,0,0,0,0,24.0,539.7,667.1942857142857,526.128040382854,312.5311847178914
2019-07-26,1044.0,799.9,210742.4,4,4,0,1,1,0,0,0,0,0,0,0,0,0,1,0,0,0,1,0,0,0,0,0,0,0,1,1,0,0,0,0,0,0,261.0,533.3,669.3352272727273,559.5394014118256,495.3983885384186
2019-07-27,771.0,69.06,137592.91,2,2,1,0,0,0,1,0,0,0,0,0,0,0,0,0,0,0,1,0,0,0,0,0,0,0,0,1,0,0,0,0,0,0,385.5,557.4666666666667,669.909604519774,573.1821226113994,564.2987914038139
2019-07-29,192.0,143.86,32558.4,1,1,0,1,0,1,0,0,0,0,0,0,0,0,0,0,0,0,1,0,0,0,0,0,0,0,0,0,0,0,0,0,0,0,192.0,560.2,667.2247191011236,548.5895557081276,471.2240935528604
2019-07-30,162.0,138.13,42149.36,2,2,0,1,0,0,0,0,1,0,0,0,0,0,0,0,0,0,0,0,0,0,0,0,0,0,0,1,0,0,0,0,0,0,81.0,564.8,664.4022346368715,523.6481309624103,393.9180701646453
2019-07-31,3156.0,2431.9,630286.9,5,5,0,1,0,0,0,0,0,1,1,0,0,0,0,0,0,0,1,0,0,0,0,0,0,0,0,0,1,0,1,1,0,0,631.2,616.8,678.2444444444444,693.4783226458601,1084.4385526234842
2019-08-02,1008.0,851.28,193536.0,1,1,0,1,1,0,0,0,0,0,0,0,0,0,0,0,0,0,1,0,0,0,0,0,0,0,0,0,0,0,0,0,0,0,1008.0,644.4,680.0662983425415,713.7701598815727,1065.328914467613
2019-08-03,200.0,0.0,31364.0,1,1,0,0,0,0,1,0,0,0,0,0,0,0,0,0,0,0,1,0,0,0,0,0,0,0,0,0,0,0,0,0,0,0,200.0,649.4,677.4285714285714,680.6235205156438,848.9966858507097
2019-08-06,2016.0,1545.94,395136.0,1,1,0,1,0,0,0,0,1,0,0,0,0,0,0,0,0,0,0,0,0,0,0,0,0,0,0,0,1,0,0,0,0,0,2016.0,715.8,684.7431693989071,766.7772732101516,1140.7475143880322
2019-08-08,180.0,0.0,25848.0,1,1,0,1,0,0,0,1,0,0,0,0,0,0,0,0,0,0,0,1,0,0,0,0,0,0,0,0,0,0,0,0,0,0,180.0,670.2333333333333,682.0,728.9204975916423,900.5606357910241
2019-08-13,12.0,6.98,3597.2,1,1,0,1,0,0,0,0,1,0,0,0,0,0,0,0,0,0,0,0,0,0,0,0,1,0,0,0,0,0,0,0,0,0,12.0,670.3,678.3783783783783,682.6673595614196,678.4204768432679
2019-08-16,1032.0,786.47,204157.46,2,2,0,1,1,0,0,0,0,0,0,0,0,0,0,0,0,0,0,0,0,0,0,0,1,0,0,0,0,1,0,0,0,0,516.0,698.2,680.2795698924731,705.2050416649714,766.8153576324509
2019-08-19,604.0,467.01,120200.0,2,2,0,1,0,1,0,0,0,0,0,0,0,0,0,0,0,0,0,0,1,0,0,0,1,0,0,0,0,0,0,0,0,0,302.0,691.2666666666667,679.8716577540107,698.6756590966625,726.111518224338
2019-08-20,240.0,184.92,48000.0,1,1,0,1,0,0,0,0,1,0,0,0,0,0,0,0,0,0,0,0,0,0,0,0,0,0,0,0,0,0,0,1,0,0,240.0,697.9333333333333,677.531914893617,669.083574920695,604.5836386682535
2019-08-21,82.0,74.57,21200.329999999998,3,3,0,1,0,0,0,0,0,1,0,0,0,1,1,0,0,0,0,0,0,0,0,0,0,0,0,1,0,0,0,0,0,0,27.333333333333332,695.7,674.3809523809524,631.207088123336,473.93772900119006
2019-08-23,64.0,7.55,12280.84,2,2,1,0,1,0,0,0,0,0,1,0,0,0,0,0,0,0,1,0,0,0,0,0,0,0,0,0,0,0,0,0,0,0,32.0,697.4333333333333,671.1684210526316,594.6129675408542,371.4532967508925
2019-08-26,300.0,176.98,75968.4,1,1,0,1,0,1,0,0,0,0,0,0,0,0,0,0,0,0,0,0,0,0,0,0,0,0,0,0,0,0,0,1,0,0,300.0,673.0333333333333,669.2251308900524,575.6056234839696,353.58997256316934
2019-08-27,1512.0,1167.3,298368.0,2,2,0,1,0,0,0,0,1,0,0,0,0,0,0,0,0,0,0,0,0,0,0,0,1,0,0,0,0,0,0,0,0,0,756.0,719.0333333333333,673.6145833333334,636.0183299007597,643.192479422377
2019-08-29,12.0,6.18,3240.72,1,1,0,1,0,0,0,1,0,0,0,0,0,0,0,0,0,0,0,0,0,0,1,0,0,0,0,0,0,0,0,0,0,0,12.0,712.7666666666667,670.1865284974093,595.7589793263304,485.3943595667827
2019-08-30,1033.0,793.41,207827.43,4,5,0,1,1,0,0,0,0,0,0,0,0,0,0,0,0,1,0,0,1,0,0,0,1,0,0,1,0,0,0,0,0,0,206.6,697.2,672.0567010309278,623.9681452660923,622.2957696750871
2019-08-31,3555.0,2510.29,714565.66,10,12,1,0,0,0,1,0,0,0,0,0,0,0,0,1,0,0,0,0,1,0,0,0,1,1,0,1,1,0,1,1,0,0,296.25,745.8,686.8410256410257,813.0673999759698,1355.4718272563155
2019-09-02,48.0,45.07,12574.08,1,1,0,1,0,1,0,0,0,0,1,0,0,0,0,0,0,0,0,0,0,0,0,0,0,0,0,0,0,0,0,0,0,0,48.0,746.3333333333334,683.5816326530612,763.7081090120906,1028.6038704422365
2019-09-04,504.0,389.83,100800.0,1,1,0,1,0,0,0,0,0,1,0,0,0,0,0,0,0,0,0,0,0,0,0,0,0,0,0,0,0,0,1,0,0,0,504.0,711.3333333333334,682.6700507614213,746.9527141560962,897.4529028316773
2019-09-05,120.0,75.73,30463.2,1,1,0,1,0,0,0,1,0,0,0,0,0,0,0,0,0,0,0,0,0,0,1,0,0,0,0,0,0,0,0,0,0,0,120.0,653.2666666666667,679.8282828282828,706.5040774634859,703.0896771237578
2019-09-07,21.0,10.49,4996.89,1,1,0,1,0,0,1,0,0,0,0,0,0,0,0,0,0,0,0,0,0,0,0,0,0,0,0,1,0,0,0,0,0,0,21.0,636.7666666666667,676.5175879396985,662.2779317587255,532.5672578428183
2019-09-08,36.0,10.62,10208.27,1,1,0,1,0,0,0,0,0,0,0,0,0,0,0,1,0,0,0,0,0,0,0,0,0,0,0,0,0,0,0,0,0,0,36.0,621.1666666666666,673.315,621.8728387859431,408.4254433821137
2019-09-09,14.0,7.32,4196.73,1,1,0,1,0,1,0,0,0,0,0,0,0,0,0,0,0,0,0,0,0,0,0,0,1,0,0,0,0,0,0,0,0,0,14.0,621.2333333333333,670.0348258706467,582.6551771575816,309.81908253658526
2019-09-13,504.0,388.83,100800.0,1,1,0,1,1,0,0,0,0,0,0,0,0,0,0,0,0,0,0,0,0,0,0,0,0,1,0,0,0,0,0,0,0,0,504.0,634.8333333333334,669.2128712871287,577.5806424420506,358.36431190243894
2019-09-16,100.0,66.53,25322.8,1,1,0,1,0,1,0,0,0,0,0,0,0,0,0,0,0,0,0,0,0,0,0,0,0,0,0,0,0,0,0,1,0,0,100.0,619.0,666.4088669950739,546.7689474386324,293.77323392682916
2019-09-17,109.0,16.98,21210.61,3,4,1,0,0,0,0,0,1,0,1,0,0,0,0,0,0,0,1,0,0,0,0,0,0,0,0,0,0,0,0,0,0,0,27.25,621.8333333333334,663.6764705882352,518.5257546799729,247.57992544512186
2019-09-18,20.0,5.45,5229.13,2,2,0,1,0,0,0,0,0,1,0,1,0,0,0,0,0,0,0,0,0,0,0,0,1,0,0,0,0,0,0,0,0,0,10.0,621.7,660.5365853658536,486.36276562882705,190.68494408384137
2019-09-20,48.0,33.02,11421.46,1,1,0,1,1,0,0,0,0,0,0,0,0,0,0,0,0,0,0,0,0,0,0,0,0,0,0,1,0,0,0,0,0,0,48.0,588.5,657.5631067961165,458.0812663307008,155.01370806288102
2019-09-23,800.0,0.0,136000.0,1,2,0,0,0,1,0,0,0,0,0,0,0,0,0,0,0,0,1,0,0,0,0,0,0,0,0,0,0,0,0,0,0,0,400.0,589.4666666666667,658.2512077294685,480.1405617604765,316.2602810471608
2019-09-24,84.0,69.94,21958.059999999998,3,3,0,1,0,0,0,0,1,0,0,0,0,0,0,0,0,0,0,1,0,0,1,0,0,0,0,1,0,0,0,0,0,0,28.0,585.8666666666667,655.4903846153846,454.58308200456503,258.1952107853706
2019-09-25,1032.0,795.36,202272.0,1,1,0,1,0,0,0,0,0,1,0,0,0,0,0,0,0,0,0,0,0,0,0,0,0,0,0,0,1,0,0,0,0,0,1032.0,614.8666666666667,657.2918660287081,491.83581933304697,451.646408089028
2019-09-26,24.0,16.61,6969.6,1,1,0,1,0,0,0,1,0,0,0,0,0,0,0,0,0,0,0,0,0,0,0,0,1,0,0,0,0,0,0,0,0,0,24.0,510.46666666666664,654.2761904761904,461.6528382789158,344.73480606677094
2019-09-30,3784.0,2627.35,760963.86,16,16,1,0,0,1,0,0,0,0,1,0,0,0,1,0,1,0,1,1,0,0,1,0,1,0,0,1,1,0,1,0,0,0,236.5,603.0,669.1090047393365,675.9979823267465,1204.5511045500784
2019-10-01,180.0,0.0,25848.0,1,1,0,1,0,0,0,0,1,0,0,0,0,0,0,0,0,0,0,1,0,0,0,0,0,0,0,0,0,0,0,0,0,0,180.0,602.3333333333334,666.8018867924528,643.998089333538,948.4133284125588
2019-10-05,12.0,8.64,3489.31,1,1,0,1,0,0,1,0,0,0,0,0,0,0,0,0,0,0,0,0,0,0,0,0,1,0,0,0,0,0,0,0,0,0,12.0,535.5333333333333,663.7276995305165,603.2239914407303,714.309996309419
2019-10-06,1009.0,768.47,197717.89,2,2,0,1,0,0,0,0,0,0,0,0,0,0,0,0,0,0,1,0,0,0,0,0,1,0,0,0,0,0,0,0,0,0,504.5,563.1666666666666,665.3411214953271,629.4031053524608,787.9824972320644
2019-10-14,504.0,394.83,100800.0,1,1,0,1,0,1,0,0,0,0,0,0,0,0,0,0,0,0,0,0,0,0,0,0,0,0,0,1,0,0,0,0,0,0,504.0,579.5666666666667,664.5906976744186,621.312577631566,716.9868729240482
2019-10-16,2016.0,1457.3,399168.0,4,4,0,1,0,0,0,0,0,1,0,0,0,0,0,0,0,0,1,0,0,0,0,0,1,0,0,0,0,0,0,0,0,0,504.0,612.3666666666667,670.8472222222222,711.2924612197227,1041.7401546930362
2019-10-18,108.0,87.75,29166.48,1,1,0,1,1,0,0,0,0,0,0,0,0,1,0,0,0,0,0,0,0,0,0,0,0,0,0,0,0,0,0,0,0,0,108.0,595.8333333333334,668.2534562211981,672.3703467603606,808.3051160197771
2019-10-19,816.0,206.01,151967.36,3,3,1,0,0,0,1,0,0,0,0,0,0,0,0,0,0,0,1,0,0,0,0,0,0,0,0,1,0,0,0,0,0,1,272.0,615.0333333333333,668.9311926605504,681.6367804976339,810.2288370148328
2019-10-22,600.0,469.8,120000.0,1,1,0,1,0,0,0,0,1,0,0,0,0,0,0,0,0,0,0,0,0,0,0,0,0,0,0,0,0,0,0,0,1,0,600.0,632.3,668.6164383561644,676.3698890426812,757.6716277611246
2019-10-24,24.0,11.49,6412.82,1,1,0,1,0,0,0,1,0,0,0,0,0,0,0,0,0,0,0,0,0,0,0,0,0,0,1,0,0,0,0,0,0,0,24.0,630.9666666666667,665.6863636363636,634.2814912334259,574.2537208208433
2019-10-26,24.0,14.190000000000001,6837.92,2,2,0,1,0,0,1,0,0,0,0,0,0,0,0,0,0,0,0,0,0,0,0,0,1,0,0,1,0,0,0,0,0,0,12.0,621.7666666666667,662.7828054298642,594.9084761595471,436.6902906156325
2019-10-31,6581.0,4779.54,1306379.28,14,14,1,0,0,0,0,1,0,0,0,0,0,0,1,1,0,0,1,1,1,0,0,0,1,0,0,1,1,1,0,1,0,0,470.07142857142856,790.7333333333333,689.4414414414415,981.1080728169599,1972.7677179617247
2019-11-02,24.0,12.66,3827.63,1,1,0,1,0,0,1,0,0,0,0,0,0,0,0,0,0,0,0,1,0,0,0,0,0,0,0,0,0,0,0,0,0,0,24.0,791.1333333333333,686.457399103139,919.3591434285645,1485.5757884712932
2019-11-04,223.0,0.0,35911.92,1,2,0,0,0,1,0,0,0,0,0,0,0,0,0,0,0,0,1,0,0,0,0,0,0,0,0,0,0,0,0,0,0,0,111.5,764.1333333333333,684.3883928571429,874.4327324688855,1169.9318413534697
2019-11-05,502.0,6.11,86181.56,2,2,1,0,0,0,0,0,1,0,0,0,0,0,0,0,0,0,1,0,0,0,0,0,0,0,0,0,0,0,0,1,0,0,251.0,662.3666666666667,683.5777777777778,850.4048069356367,1002.9488810151023
2019-11-06,9.0,4.43,2697.9,1,1,0,1,0,0,0,0,0,1,0,0,0,0,0,0,0,0,0,0,0,0,0,0,1,0,0,0,0,0,0,0,0,0,9.0,661.0666666666667,680.5929203539823,796.1206103948061,754.4616607613266
2019-11-07,12.0,5.32,3143.52,1,1,0,1,0,0,0,1,0,0,0,0,0,0,0,0,0,0,0,0,0,0,0,0,1,0,0,0,0,0,0,0,0,0,12.0,644.6666666666666,677.647577092511,745.5321704500568,568.8462455709949
2019-11-09,24.0,14.51,6805.51,1,1,0,1,0,0,1,0,0,0,0,0,0,0,0,1,0,0,0,0,0,0,0,0,0,0,0,0,0,0,0,0,0,0,24.0,641.4666666666667,674.780701754386,698.9816962472262,432.6346841782462
2019-11-12,12.0,5.65,3064.93,1,1,0,1,0,0,0,0,1,0,0,0,0,0,0,0,0,0,1,0,0,0,0,0,0,0,0,0,0,0,0,0,0,0,12.0,641.1666666666666,671.8864628820961,654.6602861634577,327.4760131336846
2019-11-13,25.0,32.53,7289.869999999999,2,2,0,1,0,0,0,0,0,1,0,0,0,0,0,0,0,0,0,0,1,0,0,0,0,0,0,1,0,0,0,0,0,0,12.5,640.8,669.0739130434782,614.0370330411511,251.85700985026344
2019-11-16,673.0,459.89,138674.94,4,4,1,0,0,0,1,0,0,0,1,0,0,0,0,0,0,0,0,0,0,0,0,0,1,1,0,1,0,0,0,0,0,0,168.25,662.7666666666667,669.0909090909091,617.8410962011861,357.1427573876976
2019-11-18,216.0,228.62,58255.2,1,1,0,1,0,1,0,0,0,0,0,0,0,0,0,0,0,0,0,0,0,0,0,0,0,0,0,0,0,0,1,0,0,0,216.0,653.1666666666666,667.1379310344828,591.9158592434458,321.8570680407732
2019-11-20,12.0,7.56,3252.48,1,1,0,1,0,0,0,0,0,1,0,0,0,0,0,0,0,0,0,0,0,0,0,0,1,0,0,0,0,0,0,0,0,0,12.0,650.2333333333333,664.3261802575107,554.5019261650135,244.39280103057988
2019-11-21,24.0,19.53,6230.02,2,2,0,1,0,0,0,1,0,0,0,0,0,0,0,0,0,0,0,0,0,0,0,0,0,0,0,1,0,0,0,1,0,0,12.0,647.4,661.5897435897435,520.2759897318708,189.29460077293487
2019-11-22,241.0,178.30999999999997,42397.520000000004,2,2,0,1,1,0,0,0,0,0,0,0,0,0,0,0,0,0,0,1,0,0,0,0,0,0,0,0,0,0,0,1,0,0,120.5,654.7666666666667,659.8,502.2581811293053,202.22095057970117
2019-11-23,874.0,124.07,148476.3,2,4,1,0,0,0,1,0,0,0,0,0,0,0,0,0,0,0,1,1,0,0,0,0,0,0,0,0,0,0,0,0,0,0,218.5,682.3,660.707627118644,526.241527785555,370.16571293477585
2019-11-26,564.0,436.97999999999996,117383.36,3,3,0,1,0,0,0,0,1,0,1,0,0,0,0,0,0,0,0,0,0,0,0,0,1,0,0,1,0,0,0,0,0,0,188.0,674.4333333333333,660.2995780590717,528.6775585838824,418.62428470108193
2019-11-29,504.0,414.42,123480.0,1,1,0,1,1,0,0,0,0,0,0,0,0,0,0,0,0,0,1,0,0,0,0,0,0,0,0,0,0,0,0,0,0,0,504.0,688.4333333333333,659.6428571428571,527.0854578265618,439.96821352581145
2019-11-30,8013.0,5965.16,1795794.35,20,22,1,0,0,0,1,0,0,0,1,0,0,0,1,0,0,1,1,1,1,0,0,0,1,0,0,1,0,1,1,1,0,1,364.22727272727275,921.1333333333333,690.4100418410042,1010.0477441089203,2333.226160144359
2019-12-03,8.0,4.03,2326.2,1,1,0,1,0,0,0,0,1,0,0,0,0,0,0,0,0,0,0,0,1,0,0,0,0,0,0,0,0,0,0,0,0,0,8.0,920.6,687.5666666666667,945.3994953213175,1751.919620108269
2019-12-04,1008.0,673.8299999999999,201600.0,2,3,0,1,0,0,0,0,0,1,0,0,0,0,0,0,0,0,1,0,0,0,0,0,1,0,0,0,0,0,0,0,0,0,336.0,828.0666666666667,688.896265560166,949.4382379813161,1565.939715081202
2019-12-06,342.0,125.1,84264.34,4,4,1,0,1,0,0,0,0,0,1,0,0,0,0,0,0,0,1,0,1,0,1,0,0,0,0,0,0,0,0,0,0,0,85.5,833.4666666666667,687.4628099173553,910.2486704039018,1259.9547863109012
2019-12-12,100.0,63.44,20000.0,1,1,0,1,0,0,0,1,0,0,0,0,0,0,0,0,0,0,0,0,0,0,0,0,0,0,0,0,0,0,0,0,1,0,100.0,836.4,685.0452674897119,857.9745578484107,969.9660897331759
2019-12-13,470.0,177.67,101352.32,2,2,1,0,1,0,0,0,0,0,0,0,0,0,0,0,1,0,0,0,0,0,0,0,0,0,0,0,0,1,0,0,0,0,235.0,818.4333333333333,684.1639344262295,832.943939068511,844.9745672998819
2019-12-17,263.0,141.77,46507.44,2,2,0,1,0,0,0,0,1,0,0,0,0,0,0,0,0,0,0,1,0,0,0,0,1,0,0,0,0,0,0,0,0,0,131.5,810.4,682.4448979591837,796.1733594073129,699.4809254749114
2019-12-18,448.0,41.28,81728.0,2,2,1,0,0,0,0,0,0,1,1,0,0,0,0,0,0,0,0,0,0,0,0,0,1,0,0,0,0,0,0,0,0,0,224.0,758.1333333333333,681.4918699186992,773.710560341992,636.6106941061835
2019-12-19,40.0,19.55,8000.0,1,1,0,1,0,0,0,1,0,0,0,0,0,0,1,0,0,0,0,0,0,0,0,0,0,0,0,0,0,0,0,0,0,0,40.0,755.8666666666667,678.8947368421053,726.3743918384687,487.4580205796376
2019-12-21,1512.0,1200.42,332136.0,2,2,0,1,0,0,1,0,0,0,0,0,0,0,0,0,0,0,1,0,0,0,0,0,0,0,0,0,0,0,0,0,0,0,756.0,779.0666666666667,682.2540322580645,777.0599182713971,743.5935154347281
2019-12-23,4.0,2.0,800.0,1,1,0,1,0,1,0,0,0,0,0,0,0,0,1,0,0,0,0,0,0,0,0,0,0,0,0,0,0,0,0,0,0,0,4.0,759.2,679.5301204819277,727.1850817731249,558.695136576046
2019-12-26,100.0,0.0,16104.0,1,1,0,0,0,0,0,1,0,0,0,0,0,0,0,0,0,0,0,0,0,0,0,0,1,0,0,0,0,0,0,0,0,0,100.0,761.7333333333333,677.212,686.7215257868567,444.0213524320345
2019-12-27,180.0,107.17,30523.5,1,1,0,1,1,0,0,0,0,0,0,0,0,0,0,0,0,0,0,1,0,0,0,0,0,0,0,0,0,0,0,0,0,0,180.0,766.9333333333333,675.2310756972112,654.0298126896661,378.01601432402583
2019-12-28,48.0,14.16,13611.02,1,1,0,1,0,0,1,0,0,0,0,0,0,0,0,1,0,0,0,0,0,0,0,0,0,0,0,0,0,0,0,0,0,0,48.0,549.1666666666666,672.7420634920635,614.931113132018,295.51201074301935
2019-12-31,2401.0,1836.92,537338.39,13,13,0,1,0,0,0,0,1,0,0,0,0,1,1,0,0,0,0,1,1,0,0,0,1,0,0,1,1,0,1,1,0,0,184.69230769230768,628.4,679.5731225296443,730.1613693146021,821.8840080572647
