Date,InvoiceId,Qty,Freight,LineAmount1,InvoiceCat,CustomerName,State,City,Year,Month,Day,Y-M,WeekDay
2018-02-11,DD-1819/540,232.0,0.0,36379.92,DD-1819,Customer 101,MH,RAIGAD,2018,02,11,2018-02,Sunday
2018-04-07,SGE-1819/3402,12.0,7.05,3046.32,SGE-1819,Customer 32,CH,CHANDIGARH,2018,04,07,2018-04,Saturday
2018-04-07,SGE-1819/3401,72.0,54.53,13968.0,SGE-1819,Customer 64,TS,SECUNDRABAD,2018,04,07,2018-04,Saturday
2018-04-09,SGE-1819/5496,10.0,0.0,2932.1,SGE-1819,Customer 112,MP,KATNI,2018,04,09,2018-04,Monday
2018-04-10,DD-1819/487,250.0,0.0,39202.5,DD-1819,Customer 130,DN,SILVASSA,2018,04,10,2018-04,Tuesday
2018-04-10,SGE-1819/6500,132.0,0.0,18955.2,SGE-1819,Customer 110,HR,GURGAON,2018,04,10,2018-04,Tuesday
2018-04-12,SGE-1819/8478,12.0,6.24,2855.36,SGE-1819,Customer 53,PB,LUDHIANA,2018,04,12,2018-04,Thursday
2018-05-07,SGE-1819/3431,12.0,0.0,3046.32,SGE-1819,Customer 32,CH,CHANDIGARH,2018,05,07,2018-05,Monday
2018-05-07,SGE-1819/3423,30.0,15.0,7615.8,SGE-1819,Customer 49,CT,BILASPUR,2018,05,07,2018-05,Monday
2018-05-09,SGE-1819/5541,19.0,10.92,5524.74,SGE-1819,Customer 35,MH,PUNE,2018,05,09,2018-05,Wednesday
2018-05-10,SGE-1819/6553,96.0,63.92,15310.51,SGE-1819,Customer 57,GJ,AHMEDABAD,2018,05,10,2018-05,Thursday
2018-05-10,SGE-1819/6537,1.0,0.0,145.39,SGE-1819,Customer 4,RJ,JAIPUR,2018,05,10,2018-05,Thursday
2018-05-10,SGE-1819/6555,48.0,37.29,12783.65,SGE-1819,Customer 131,WB,MURSHEDABAD,2018,05,10,2018-05,Thursday
2018-05-10,SGE-1819/6556,22.0,11.0,5234.83,SGE-1819,Customer 53,PB,LUDHIANA,2018,05,10,2018-05,Thursday
2018-05-11,SGE-1819/7706,100.0,55.0,26196.0,SGE-1819,Customer 141,CT,RAIPUR,2018,05,11,2018-05,Friday
2018-05-11,SGE-1819/7678,12.0,10.83,3195.91,SGE-1819,Customer 27,MH,AURANGABAD,2018,05,11,2018-05,Friday
2018-05-11,SGE-1819/7701,504.0,379.69,97776.0,SGE-1819,Customer 19,PB,JALANDHAR CITY,2018,05,11,2018-05,Friday
2018-06-07,SGE-1819/3461,24.0,14.0,6287.04,SGE-1819,Customer 66,GJ,JAMNAGAR,2018,06,07,2018-06,Thursday
2018-06-07,SGE-1819/3463,12.0,7.0,3046.32,SGE-1819,Customer 55,TS,GODAVARIKHANI,2018,06,07,2018-06,Thursday
2018-06-09,SGE-1819/5591,24.0,11.54,5710.73,SGE-1819,Customer 53,PB,LUDHIANA,2018,06,09,2018-06,Saturday
2018-06-10,SGE-1819/6574,444.0,0.0,116310.24,SGE-1819,Customer 44,AP,VISAKHAPATNAM,2018,06,10,2018-06,Sunday
2018-06-11,SGE-1819/7715,24.0,0.0,6978.61,SGE-1819,Customer 142,CT,KORBA,2018,06,11,2018-06,Monday
2018-06-12,SGE-1819/8571,120.0,107.69,31435.2,SGE-1819,Customer 99,PB,LUDHIANA,2018,06,12,2018-06,Tuesday
2018-06-13,SGE-1819/2455,12.0,6.0,3046.32,SGE-1819,Customer 27,MH,AURANGABAD,2018,06,13,2018-06,Wednesday
2018-06-13,DD-1819/190,200.0,0.0,31362.0,DD-1819,Customer 25,GJ,JAMNAGAR,2018,06,13,2018-06,Wednesday
2018-06-13,DD-1819/189,100.0,0.0,15682.0,DD-1819,Customer 26,GJ,JAMNAGAR,2018,06,13,2018-06,Wednesday
2018-06-14,SGE-1819/2497,72.0,59.64,18887.18,SGE-1819,Customer 28,HR,BALLABHGARH,2018,06,14,2018-06,Thursday
2018-06-15,SGE-1819/2531,48.0,39.93,12574.08,SGE-1819,Customer 29,AP,VIJAYWADA,2018,06,15,2018-06,Friday
2018-06-16,DD-1819/195,24.0,0.0,3763.44,DD-1819,Customer 30,GJ,AHMEDABAD,2018,06,16,2018-06,Saturday
2018-06-16,DD-1819/195,90.0,0.0,14112.9,DD-1819,Customer 30,GJ,AHMEDABAD,2018,06,16,2018-06,Saturday
2018-06-16,DD-1819/195,1.0,0.0,156.81,DD-1819,Customer 30,GJ,AHMEDABAD,2018,06,16,2018-06,Saturday
2018-06-16,DD-1819/195,50.0,0.0,7840.5,DD-1819,Customer 30,GJ,AHMEDABAD,2018,06,16,2018-06,Saturday
2018-06-16,SGE-1819/2564,12.0,6.02,3046.32,SGE-1819,Customer 31,MH,BALLARPUR,2018,06,16,2018-06,Saturday
2018-06-16,SGE-1819/2580,60.0,49.84,15231.6,SGE-1819,Customer 32,CH,CHANDIGARH,2018,06,16,2018-06,Saturday
2018-06-18,SGE-1819/2670,504.0,361.69,97776.0,SGE-1819,Customer 16,MP,BHOPAL,2018,06,18,2018-06,Monday
2018-06-18,SGE-1819/2671,2016.0,1444.17,379008.0,SGE-1819,Customer 4,RJ,JAIPUR,2018,06,18,2018-06,Monday
2018-06-18,SGE-1819/2677,12.0,7.0,3489.31,SGE-1819,Customer 35,MH,PUNE,2018,06,18,2018-06,Monday
2018-06-19,SGE-1819/2727,18.0,0.0,4872.46,SGE-1819,Customer 44,AP,VISAKHAPATNAM,2018,06,19,2018-06,Tuesday
2018-06-19,SGE-1819/2693,504.0,371.69,97776.0,SGE-1819,Customer 37,UT,HARIDWAR,2018,06,19,2018-06,Tuesday
2018-06-19,SGE-1819/2708,384.0,272.48,74496.0,SGE-1819,Customer 38,UP,GHAZIABAD,2018,06,19,2018-06,Tuesday
2018-06-19,SGE-1819/2711,30.0,18.0,7425.41,SGE-1819,Customer 39,UP,MEERUT,2018,06,19,2018-06,Tuesday
2018-06-19,SGE-1819/2726,4.0,2.0,1127.14,SGE-1819,Customer 41,GJ,JAMNAGAR,2018,06,19,2018-06,Tuesday
2018-06-19,SGE-1819/2720,9.0,6.0,2475.14,SGE-1819,Customer 40,TS,HYDERABAD,2018,06,19,2018-06,Tuesday
2018-06-19,SGE-1819/2734,1008.0,752.08,189504.0,SGE-1819,Customer 42,MH,RAIGAD,2018,06,19,2018-06,Tuesday
2018-06-20,DD-1819/202,30.0,0.0,4704.3,DD-1819,Customer 46,GJ,BHARUCH,2018,06,20,2018-06,Wednesday
2018-06-20,DD-1819/202,49.0,0.0,7683.69,DD-1819,Customer 46,GJ,BHARUCH,2018,06,20,2018-06,Wednesday
2018-06-20,DD-1819/202,115.0,0.0,18033.15,DD-1819,Customer 46,GJ,BHARUCH,2018,06,20,2018-06,Wednesday
2018-06-20,SGE-1819/2766,50.0,43.2,12693.0,SGE-1819,Customer 48,UP,SONEBHANDRA,2018,06,20,2018-06,Wednesday
2018-06-20,SGE-1819/2762,12.0,0.0,3489.31,SGE-1819,Customer 35,MH,PUNE,2018,06,20,2018-06,Wednesday
2018-06-21,SGE-1819/2825,60.0,49.84,15231.6,SGE-1819,Customer 55,TS,GODAVARIKHANI,2018,06,21,2018-06,Thursday
2018-06-21,SGE-1819/2842,120.0,83.46,22560.0,SGE-1819,Customer 10,MH,MUMBAI,2018,06,21,2018-06,Thursday
2018-06-21,SGE-1819/2810,150.0,84.32,24576.3,SGE-1819,Customer 5,HR,GURGAON,2018,06,21,2018-06,Thursday
2018-06-21,DD-1819/206,150.0,0.0,23523.0,DD-1819,Customer 51,GJ,VADODARA,2018,06,21,2018-06,Thursday
2018-06-21,DD-1819/206,150.0,0.0,23521.5,DD-1819,Customer 51,GJ,VADODARA,2018,06,21,2018-06,Thursday
2018-06-21,SGE-1819/2841,1008.0,707.08,189504.0,SGE-1819,Customer 10,MH,MUMBAI,2018,06,21,2018-06,Thursday
2018-06-21,SGE-1819/2814,24.0,0.0,5710.73,SGE-1819,Customer 53,PB,LUDHIANA,2018,06,21,2018-06,Thursday
2018-06-21,SGE-1819/2819,50.0,43.42,12904.55,SGE-1819,Customer 48,UP,SONEBHANDRA,2018,06,21,2018-06,Thursday
2018-06-21,SGE-1819/2855,48.0,36.67,12185.28,SGE-1819,Customer 55,TS,GODAVARIKHANI,2018,06,21,2018-06,Thursday
2018-06-22,SGE-1819/2870,23.0,12.85,3768.37,SGE-1819,Customer 5,HR,GURGAON,2018,06,22,2018-06,Friday
2018-06-22,SGE-1819/2918,12.0,3.17,3046.32,SGE-1819,Customer 31,MH,BALLARPUR,2018,06,22,2018-06,Friday
2018-06-22,DD-1819/214,50.0,0.0,7840.5,DD-1819,Customer 46,GJ,BHARUCH,2018,06,22,2018-06,Friday
2018-06-22,DD-1819/214,116.0,0.0,18189.96,DD-1819,Customer 46,GJ,BHARUCH,2018,06,22,2018-06,Friday
2018-06-22,SGE-1819/2905,144.0,65.44,23593.25,SGE-1819,Customer 5,HR,GURGAON,2018,06,22,2018-06,Friday
2018-06-23,DD-1819/219,192.0,0.0,30107.52,DD-1819,Customer 46,GJ,BHARUCH,2018,06,23,2018-06,Saturday
2018-06-26,DD-1819/224,85.0,0.0,13328.85,DD-1819,Customer 46,GJ,BHARUCH,2018,06,26,2018-06,Tuesday
2018-06-26,SGE-1819/3032,380.0,0.0,62259.96,SGE-1819,Customer 5,HR,GURGAON,2018,06,26,2018-06,Tuesday
2018-06-26,SGE-1819/2997,50.0,40.2,12693.0,SGE-1819,Customer 59,KL,KALLETTUMKARA,2018,06,26,2018-06,Tuesday
2018-06-27,SGE-1819/3053,19.0,6.58,3113.0,SGE-1819,Customer 5,HR,GURGAON,2018,06,27,2018-06,Wednesday
2018-06-27,SGE-1819/3060,20.0,12.0,3276.84,SGE-1819,Customer 5,HR,GURGAON,2018,06,27,2018-06,Wednesday
2018-06-28,SGE-1819/3092,192.0,134.74,37248.0,SGE-1819,Customer 61,MH,PALGHAR,2018,06,28,2018-06,Thursday
2018-06-28,SGE-1819/3088,312.0,222.95,60528.0,SGE-1819,Customer 61,MH,PALGHAR,2018,06,28,2018-06,Thursday
2018-06-30,SGE-1819/3250,400.0,273.16,65536.8,SGE-1819,Customer 5,HR,GURGAON,2018,06,30,2018-06,Saturday
2018-07-07,SGE-1819/3563,24.0,20.34,6092.64,SGE-1819,Customer 67,UP,MEERUT,2018,07,07,2018-07,Saturday
2018-07-09,DD-1819/430,2.0,0.0,313.62,DD-1819,Customer 115,MH,NAVI MUMBAI,2018,07,09,2018-07,Monday
2018-07-09,SGE-1819/5604,12.0,4.3,3143.52,SGE-1819,Customer 88,CT,BILASPUR,2018,07,09,2018-07,Monday
2018-07-31,SGE-1819/4403,9.0,0.0,2878.65,SGE-1819,Customer 44,AP,VISAKHAPATNAM,2018,07,31,2018-07,Tuesday
2018-08-06,SGE-1819/2316,504.0,401.69,97776.0,SGE-1819,Customer 10,MH,MUMBAI,2018,08,06,2018-08,Monday
2018-08-06,SGE-1819/2325,1008.0,707.08,189504.0,SGE-1819,Customer 15,JH,JAMSHEDPUR,2018,08,06,2018-08,Monday
2018-08-06,SGE-1819/2327,48.0,37.31,12794.54,SGE-1819,Customer 14,GJ,RAJKOT,2018,08,06,2018-08,Monday
2018-08-06,SGE-1819/2317,1008.0,707.08,189504.0,SGE-1819,Customer 13,GJ,VAPI,2018,08,06,2018-08,Monday
2018-08-06,SGE-1819/2323,1008.0,707.08,189504.0,SGE-1819,Customer 12,MH,NASHIK,2018,08,06,2018-08,Monday
2018-08-06,SGE-1819/2324,504.0,356.69,97776.0,SGE-1819,Customer 11,WB,KOLKATTA,2018,08,06,2018-08,Monday
2018-08-12,SGE-1819/8626,10.0,0.0,2929.59,SGE-1819,Customer 112,MP,KATNI,2018,08,12,2018-08,Sunday
2018-08-18,SGE-1819/4971,1008.0,505.0,189504.0,SGE-1819,Customer 74,GJ,GANDHIDHAM,2018,08,18,2018-08,Saturday
2018-08-20,SGE-1819/5041,1008.0,797.08,189504.0,SGE-1819,Customer 15,JH,JAMSHEDPUR,2018,08,20,2018-08,Monday
2018-08-20,SGE-1819/5042,504.0,361.69,97776.0,SGE-1819,Customer 22,GJ,VADODARA,2018,08,20,2018-08,Monday
2018-08-20,SGE-1819/5045,48.0,0.0,12574.08,SGE-1819,Customer 44,AP,VISAKHAPATNAM,2018,08,20,2018-08,Monday
2018-08-20,SGE-1819/5034,504.0,353.69,97776.0,SGE-1819,Customer 98,HR,PANIPAT,2018,08,20,2018-08,Monday
2018-08-20,SGE-1819/5033,1035.0,696.36,169576.47,SGE-1819,Customer 5,HR,GURGAON,2018,08,20,2018-08,Monday
2018-08-20,SGE-1819/5048,1008.0,702.08,189504.0,SGE-1819,Customer 21,GJ,BHARUCH,2018,08,20,2018-08,Monday
2018-08-20,SGE-1819/4992,1012.0,707.87,190256.0,SGE-1819,Customer 13,GJ,VAPI,2018,08,20,2018-08,Monday
2018-08-20,SGE-1819/5021,480.0,336.84,93120.0,SGE-1819,Customer 97,MH,PUNE,2018,08,20,2018-08,Monday
2018-08-20,SGE-1819/5020,24.0,0.0,4656.0,SGE-1819,Customer 97,MH,PUNE,2018,08,20,2018-08,Monday
2018-08-20,SGE-1819/5051,144.0,107.63,34264.37,SGE-1819,Customer 53,PB,LUDHIANA,2018,08,20,2018-08,Monday
2018-08-20,SGE-1819/5030,504.0,353.69,97776.0,SGE-1819,Customer 62,MH,NAGPUR,2018,08,20,2018-08,Monday
2018-08-20,SGE-1819/5046,48.0,36.67,12185.28,SGE-1819,Customer 87,KA,BELGAUM,2018,08,20,2018-08,Monday
2018-08-20,SGE-1819/5044,48.0,38.67,12185.28,SGE-1819,Customer 32,CH,CHANDIGARH,2018,08,20,2018-08,Monday
2018-08-20,SGE-1819/5031,504.0,353.69,97776.0,SGE-1819,Customer 37,UT,HARIDWAR,2018,08,20,2018-08,Monday
2018-08-20,SGE-1819/5040,1008.0,837.08,189504.0,SGE-1819,Customer 24,GJ,BHARUCH,2018,08,20,2018-08,Monday
2018-08-20,SGE-1819/5050,24.0,12.0,6287.04,SGE-1819,Customer 86,MP,INDORE,2018,08,20,2018-08,Monday
2018-08-20,SGE-1819/5043,24.0,15.0,6287.04,SGE-1819,Customer 93,MP,GWALIOR,2018,08,20,2018-08,Monday
2018-08-20,SGE-1819/4994,700.0,491.23,135800.0,SGE-1819,Customer 95,TN,CHENNAI,2018,08,20,2018-08,Monday
2018-08-20,SGE-1819/4993,4032.0,2808.34,758016.0,SGE-1819,Customer 4,RJ,JAIPUR,2018,08,20,2018-08,Monday
2018-08-20,SGE-1819/5047,48.0,38.52,13957.23,SGE-1819,Customer 96,KA,BANGALORE,2018,08,20,2018-08,Monday
2018-08-20,SGE-1819/5049,504.0,353.69,97776.0,SGE-1819,Customer 63,GJ,VERAVAL,2018,08,20,2018-08,Monday
2018-08-20,SGE-1819/5036,1008.0,702.08,189504.0,SGE-1819,Customer 4,RJ,JAIPUR,2018,08,20,2018-08,Monday
2018-08-20,SGE-1819/5039,504.0,401.69,97776.0,SGE-1819,Customer 94,MH,MULUND,2018,08,20,2018-08,Monday
2018-08-21,SGE-1819/5055,200.0,154.49,52392.0,SGE-1819,Customer 99,PB,LUDHIANA,2018,08,21,2018-08,Tuesday
2018-08-21,SGE-1819/5076,60.0,53.84,15231.6,SGE-1819,Customer 32,CH,CHANDIGARH,2018,08,21,2018-08,Tuesday
2018-08-21,SGE-1819/5058,140.0,108.14,36674.4,SGE-1819,Customer 80,CT,RAIPUR,2018,08,21,2018-08,Tuesday
2018-08-21,SGE-1819/5056,24.0,12.0,6238.44,SGE-1819,Customer 91,OR,ROURKELA,2018,08,21,2018-08,Tuesday
2018-08-22,DD-1819/359,110.0,0.0,17249.1,DD-1819,Customer 46,GJ,BHARUCH,2018,08,22,2018-08,Wednesday
2018-08-22,DD-1819/357,108.0,0.0,16935.48,DD-1819,Customer 101,MH,RAIGAD,2018,08,22,2018-08,Wednesday
2018-08-22,DD-1819/358,162.0,0.0,25404.84,DD-1819,Customer 101,MH,RAIGAD,2018,08,22,2018-08,Wednesday
2018-08-22,SGE-1819/5120,12.0,0.0,3046.32,SGE-1819,Customer 92,UP,LUCKNOW,2018,08,22,2018-08,Wednesday
2018-08-22,SGE-1819/5138,100.0,73.16,29077.56,SGE-1819,Customer 103,JK,JAMMU,2018,08,22,2018-08,Wednesday
2018-08-23,SGE-1819/5192,648.0,501.74,125712.0,SGE-1819,Customer 64,TS,SECUNDRABAD,2018,08,23,2018-08,Thursday
2018-08-23,SGE-1819/5193,504.0,381.69,97776.0,SGE-1819,Customer 104,RJ,KOTA,2018,08,23,2018-08,Thursday
2018-08-23,DD-1819/361,100.0,0.0,15681.0,DD-1819,Customer 46,GJ,BHARUCH,2018,08,23,2018-08,Thursday
2018-08-23,DD-1819/362,225.0,0.0,37937.25,DD-1819,Customer 1,GJ,JAMNAGAR,2018,08,23,2018-08,Thursday
2018-08-23,SGE-1819/5155,12.0,0.0,3248.3,SGE-1819,Customer 105,UP,CHANDAULI,2018,08,23,2018-08,Thursday
2018-08-23,DD-1819/365,300.0,0.0,47043.0,DD-1819,Customer 1,GJ,JAMNAGAR,2018,08,23,2018-08,Thursday
2018-08-24,SGE-1819/5224,12.0,8.0,3046.32,SGE-1819,Customer 59,KL,KALLETTUMKARA,2018,08,24,2018-08,Friday
2018-08-24,SGE-1819/5239,12.0,5.69,3143.52,SGE-1819,Customer 106,CT,CHAMPA,2018,08,24,2018-08,Friday
2018-08-24,SGE-1819/5260,1008.0,698.08,189504.0,SGE-1819,Customer 12,MH,NASHIK,2018,08,24,2018-08,Friday
2018-08-24,DD-1819/366,500.0,0.0,78410.0,DD-1819,Customer 1,GJ,JAMNAGAR,2018,08,24,2018-08,Friday
2018-08-24,SGE-1819/5223,504.0,381.69,97776.0,SGE-1819,Customer 45,JH,JAMSHEDPUR,2018,08,24,2018-08,Friday
2018-08-25,DD-1819/369,100.0,0.0,15682.0,DD-1819,Customer 65,GJ,VADODARA,2018,08,25,2018-08,Saturday
2018-08-25,DD-1819/367,30.0,0.0,4704.6,DD-1819,Customer 25,GJ,JAMNAGAR,2018,08,25,2018-08,Saturday
2018-08-25,DD-1819/371,50.0,0.0,7840.5,DD-1819,Customer 1,GJ,JAMNAGAR,2018,08,25,2018-08,Saturday
2018-08-25,SGE-1819/5286,20.0,10.0,5077.2,SGE-1819,Customer 85,OR,JAJPUR,2018,08,25,2018-08,Saturday
2018-08-25,DD-1819/367,20.0,0.0,3136.4,DD-1819,Customer 25,GJ,JAMNAGAR,2018,08,25,2018-08,Saturday
2018-08-28,DD-1819/379,36.0,0.0,5645.16,DD-1819,Customer 107,PB,HOSHIARPUR,2018,08,28,2018-08,Tuesday
2018-08-28,DD-1819/380,10.0,0.0,1568.1,DD-1819,Customer 26,GJ,JAMNAGAR,2018,08,28,2018-08,Tuesday
2018-08-29,SGE-1819/5366,12.0,6.0,3046.32,SGE-1819,Customer 40,TS,HYDERABAD,2018,08,29,2018-08,Wednesday
2018-08-30,DD-1819/383,392.0,0.0,61469.52,DD-1819,Customer 101,MH,RAIGAD,2018,08,30,2018-08,Thursday
2018-08-31,SGE-1819/5421,48.0,0.0,6892.8,SGE-1819,Customer 110,HR,GURGAON,2018,08,31,2018-08,Friday
2018-08-31,SGE-1819/5466,12.0,7.67,3489.31,SGE-1819,Customer 69,CH,CHANDIGARH,2018,08,31,2018-08,Friday
2018-09-06,SGE-1819/2341,432.0,325.16,83808.0,SGE-1819,Customer 16,MP,BHOPAL,2018,09,06,2018-09,Thursday
2018-09-06,SGE-1819/2338,504.0,373.54,94752.0,SGE-1819,Customer 4,RJ,JAIPUR,2018,09,06,2018-09,Thursday
2018-09-06,SGE-1819/2340,252.0,206.53,63972.72,SGE-1819,Customer 17,UP,SONEBHANDRA,2018,09,06,2018-09,Thursday
2018-09-06,SGE-1819/2339,2016.0,1504.17,379008.0,SGE-1819,Customer 4,RJ,JAIPUR,2018,09,06,2018-09,Thursday
2018-09-07,SGE-1819/3580,12.0,7.0,3489.31,SGE-1819,Customer 68,AP,Pendurthy,2018,09,07,2018-09,Friday
2018-09-26,SGE-1819/6249,12.0,6.0,3489.31,SGE-1819,Customer 76,MH,MUMBAI,2018,09,26,2018-09,Wednesday
2018-09-27,DD-1819/473,25.0,196.03,3920.5,DD-1819,Customer 125,MH,Navi Mumbai,2018,09,27,2018-09,Thursday
2018-09-27,SGE-1819/6305,4.0,0.0,1065.3,SGE-1819,Customer 124,TN,COIMBATORE,2018,09,27,2018-09,Thursday
2018-09-27,SGE-1819/6293,1008.0,702.08,189504.0,SGE-1819,Customer 33,RJ,BHILWARA,2018,09,27,2018-09,Thursday
2018-09-27,SGE-1819/6295,504.0,353.69,97776.0,SGE-1819,Customer 97,MH,PUNE,2018,09,27,2018-09,Thursday
2018-09-27,SGE-1819/6304,9.0,5.12,2284.74,SGE-1819,Customer 40,TS,HYDERABAD,2018,09,27,2018-09,Thursday
2018-09-27,SGE-1819/6292,1512.0,1055.63,284256.0,SGE-1819,Customer 4,RJ,JAIPUR,2018,09,27,2018-09,Thursday
2018-09-27,SGE-1819/6296,1008.0,505.0,189504.0,SGE-1819,Customer 74,GJ,GANDHIDHAM,2018,09,27,2018-09,Thursday
2018-09-27,SGE-1819/6294,504.0,252.0,97776.0,SGE-1819,Customer 11,WB,KOLKATTA,2018,09,27,2018-09,Thursday
2018-09-27,DD-1819/468,100.0,0.0,15682.0,DD-1819,Customer 26,GJ,JAMNAGAR,2018,09,27,2018-09,Thursday
2018-09-27,SGE-1819/6297,504.0,353.69,97776.0,SGE-1819,Customer 16,MP,BHOPAL,2018,09,27,2018-09,Thursday
2018-09-27,DD-1819/466,90.0,0.0,14112.9,DD-1819,Customer 46,GJ,BHARUCH,2018,09,27,2018-09,Thursday
2018-09-27,DD-1819/471,100.0,0.0,15681.0,DD-1819,Customer 46,GJ,BHARUCH,2018,09,27,2018-09,Thursday
2018-09-27,DD-1819/469,108.0,0.0,16935.48,DD-1819,Customer 46,GJ,BHARUCH,2018,09,27,2018-09,Thursday
2018-09-27,DD-1819/466,50.0,0.0,7840.5,DD-1819,Customer 46,GJ,BHARUCH,2018,09,27,2018-09,Thursday
2018-09-27,DD-1819/467,45.0,0.0,7056.45,DD-1819,Customer 25,GJ,JAMNAGAR,2018,09,27,2018-09,Thursday
2018-09-27,DD-1819/472,30.0,0.0,4704.6,DD-1819,Customer 122,MH,MUMBAI,2018,09,27,2018-09,Thursday
2018-09-27,DD-1819/472,50.0,0.0,7840.5,DD-1819,Customer 122,MH,MUMBAI,2018,09,27,2018-09,Thursday
2018-09-27,DD-1819/470,2.0,0.0,313.62,DD-1819,Customer 30,GJ,AHMEDABAD,2018,09,27,2018-09,Thursday
2018-09-28,SGE-1819/6331,400.0,268.16,65536.8,SGE-1819,Customer 5,HR,GURGAON,2018,09,28,2018-09,Friday
2018-09-28,SGE-1819/6311,48.0,19.59,12476.88,SGE-1819,Customer 91,OR,ROURKELA,2018,09,28,2018-09,Friday
2018-09-28,SGE-1819/6319,5.0,3.37,1453.88,SGE-1819,Customer 35,MH,PUNE,2018,09,28,2018-09,Friday
2018-09-28,SGE-1819/6309,504.0,252.0,97776.0,SGE-1819,Customer 128,MH,NAGPUR,2018,09,28,2018-09,Friday
2018-09-28,SGE-1819/6320,12.0,6.02,2986.34,SGE-1819,Customer 67,UP,MEERUT,2018,09,28,2018-09,Friday
2018-09-28,SGE-1819/6322,47.0,36.93,12433.27,SGE-1819,Customer 14,GJ,RAJKOT,2018,09,28,2018-09,Friday
2018-09-28,SGE-1819/6314,216.0,166.85,56583.36,SGE-1819,Customer 40,TS,HYDERABAD,2018,09,28,2018-09,Friday
2018-09-28,SGE-1819/6318,504.0,353.69,97776.0,SGE-1819,Customer 127,GJ,AHMEDABAD,2018,09,28,2018-09,Friday
2018-09-28,SGE-1819/6312,48.0,37.08,12574.08,SGE-1819,Customer 29,AP,VIJAYWADA,2018,09,28,2018-09,Friday
2018-09-28,DD-1819/475,2.0,0.0,313.62,DD-1819,Customer 30,GJ,AHMEDABAD,2018,09,28,2018-09,Friday
2018-09-28,SGE-1819/6328,144.0,107.63,34264.37,SGE-1819,Customer 53,PB,LUDHIANA,2018,09,28,2018-09,Friday
2018-09-28,SGE-1819/6321,12.0,7.74,3489.31,SGE-1819,Customer 90,MH,MUMBAI,2018,09,28,2018-09,Friday
2018-09-28,SGE-1819/6323,12.0,6.0,2855.36,SGE-1819,Customer 53,PB,LUDHIANA,2018,09,28,2018-09,Friday
2018-09-28,SGE-1819/6317,100.0,80.24,29077.56,SGE-1819,Customer 77,JH,JAMSHEDPUR,2018,09,28,2018-09,Friday
2018-09-28,SGE-1819/6327,504.0,353.69,97776.0,SGE-1819,Customer 64,TS,SECUNDRABAD,2018,09,28,2018-09,Friday
2018-09-28,SGE-1819/6313,50.0,38.85,13316.3,SGE-1819,Customer 48,UP,SONEBHANDRA,2018,09,28,2018-09,Friday
2018-09-28,SGE-1819/6329,50.0,39.08,13534.6,SGE-1819,Customer 126,CT,RAIGARH,2018,09,28,2018-09,Friday
2018-09-30,DD-1819/482,1.0,0.0,156.81,DD-1819,Customer 30,GJ,AHMEDABAD,2018,09,30,2018-09,Sunday
2018-09-30,DD-1819/484,50.0,0.0,7841.0,DD-1819,Customer 129,MH,PATALGANGA,2018,09,30,2018-09,Sunday
2018-10-07,SGE-1819/3678,2.0,0.0,563.57,SGE-1819,Customer 70,JH,JAMSHEDPUR,2018,10,07,2018-10,Sunday
2018-10-08,DD-1819/348,50.0,0.0,7840.5,DD-1819,Customer 1,GJ,JAMNAGAR,2018,10,08,2018-10,Monday
2018-10-10,SGE-1819/6763,10.0,0.0,2932.1,SGE-1819,Customer 112,MP,KATNI,2018,10,10,2018-10,Wednesday
2018-10-15,SGE-1819/6955,252.0,176.84,48888.0,SGE-1819,Customer 52,MH,MUMBAI,2018,10,15,2018-10,Monday
2018-10-15,SGE-1819/6956,252.0,176.84,48888.0,SGE-1819,Customer 52,MH,MUMBAI,2018,10,15,2018-10,Monday
2018-10-16,SGE-1819/6974,504.0,353.69,97776.0,SGE-1819,Customer 20,GJ,AHMEDABAD,2018,10,16,2018-10,Tuesday
2018-10-16,SGE-1819/7007,504.0,364.51,97776.0,SGE-1819,Customer 136,DN,SILVASSA,2018,10,16,2018-10,Tuesday
2018-10-16,SGE-1819/7017,2520.0,1752.71,473760.0,SGE-1819,Customer 4,RJ,JAIPUR,2018,10,16,2018-10,Tuesday
2018-10-16,SGE-1819/6975,504.0,353.69,97776.0,SGE-1819,Customer 16,MP,BHOPAL,2018,10,16,2018-10,Tuesday
2018-10-16,SGE-1819/6988,504.0,252.0,97776.0,SGE-1819,Customer 63,GJ,VERAVAL,2018,10,16,2018-10,Tuesday
2018-10-16,DD-1819/507,500.0,0.0,78405.0,DD-1819,Customer 46,GJ,BHARUCH,2018,10,16,2018-10,Tuesday
2018-10-17,SGE-1819/7054,48.0,50.16,12259.73,SGE-1819,Customer 39,UP,MEERUT,2018,10,17,2018-10,Wednesday
2018-10-18,SGE-1819/7096,12.0,0.0,3489.31,SGE-1819,Customer 137,MH,PUNE,2018,10,18,2018-10,Thursday
2018-10-18,SGE-1819/7089,504.0,353.69,97776.0,SGE-1819,Customer 138,MH,NASHIK,2018,10,18,2018-10,Thursday
2018-10-18,SGE-1819/7074,48.0,26.62,12259.73,SGE-1819,Customer 39,UP,MEERUT,2018,10,18,2018-10,Thursday
2018-10-20,SGE-1819/7134,12.0,8.0,2855.36,SGE-1819,Customer 53,PB,LUDHIANA,2018,10,20,2018-10,Saturday
2018-10-23,SGE-1819/7251,504.0,353.69,97776.0,SGE-1819,Customer 22,GJ,VADODARA,2018,10,23,2018-10,Tuesday
2018-10-23,SGE-1819/7263,12.0,0.0,3489.31,SGE-1819,Customer 137,MH,PUNE,2018,10,23,2018-10,Tuesday
2018-10-24,SGE-1819/7316,504.0,353.69,97776.0,SGE-1819,Customer 7,GA,GOA,2018,10,24,2018-10,Wednesday
2018-10-24,SGE-1819/7274,12.0,5.94,3143.52,SGE-1819,Customer 102,WB,KOLKATA,2018,10,24,2018-10,Wednesday
2018-10-24,SGE-1819/7307,1008.0,715.47,197568.0,SGE-1819,Customer 24,GJ,BHARUCH,2018,10,24,2018-10,Wednesday
2018-10-24,SGE-1819/7315,48.0,37.08,12574.08,SGE-1819,Customer 29,AP,VIJAYWADA,2018,10,24,2018-10,Wednesday
2018-10-27,SGE-1819/7441,20.0,7.17,5077.2,SGE-1819,Customer 87,KA,BELGAUM,2018,10,27,2018-10,Saturday
2018-10-29,DD-1819/530,18.0,0.0,2822.58,DD-1819,Customer 101,MH,RAIGAD,2018,10,29,2018-10,Monday
2018-10-31,DD-1819/535,10.0,78.0,1568.2,DD-1819,Customer 51,GJ,VADODARA,2018,10,31,2018-10,Wednesday
2018-11-06,SGE-1819/2405,24.0,11.21,6287.04,SGE-1819,Customer 23,AP,KAKINADA,2018,11,06,2018-11,Tuesday
2018-11-06,SGE-1819/2386,504.0,361.69,97776.0,SGE-1819,Customer 22,GJ,VADODARA,2018,11,06,2018-11,Tuesday
2018-11-06,SGE-1819/2372,1008.0,712.08,189504.0,SGE-1819,Customer 21,GJ,BHARUCH,2018,11,06,2018-11,Tuesday
2018-11-06,SGE-1819/2373,504.0,361.69,97776.0,SGE-1819,Customer 19,PB,JALANDHAR CITY,2018,11,06,2018-11,Tuesday
2018-11-06,SGE-1819/2387,500.0,357.76,94000.0,SGE-1819,Customer 13,GJ,VAPI,2018,11,06,2018-11,Tuesday
2018-11-06,SGE-1819/2361,504.0,366.69,97776.0,SGE-1819,Customer 20,GJ,AHMEDABAD,2018,11,06,2018-11,Tuesday
2018-11-07,DD-1819/280,50.0,0.0,7840.5,DD-1819,Customer 71,MH,MUMBAI,2018,11,07,2018-11,Wednesday
2018-11-07,DD-1819/280,70.0,0.0,10976.7,DD-1819,Customer 71,MH,MUMBAI,2018,11,07,2018-11,Wednesday
2018-11-09,SGE-1819/5706,12.0,6.32,3143.52,SGE-1819,Customer 88,CT,BILASPUR,2018,11,09,2018-11,Friday
2018-11-10,SGE-1819/6841,20.0,7.17,5077.2,SGE-1819,Customer 87,KA,BELGAUM,2018,11,10,2018-11,Saturday
2018-11-10,SGE-1819/6797,192.0,132.49,41589.6,SGE-1819,Customer 66,GJ,JAMNAGAR,2018,11,10,2018-11,Saturday
2018-11-12,SGE-1819/8687,6.0,2.68,1571.76,SGE-1819,Customer 23,AP,KAKINADA,2018,11,12,2018-11,Monday
2018-11-12,SGE-1819/8697,6.0,2.5,1427.68,SGE-1819,Customer 53,PB,LUDHIANA,2018,11,12,2018-11,Monday
2018-11-13,SGE-1819/7827,12.0,0.0,3838.2,SGE-1819,Customer 69,CH,CHANDIGARH,2018,11,13,2018-11,Tuesday
2018-11-15,SGE-1819/7920,120.0,101.68,30463.2,SGE-1819,Customer 87,KA,BELGAUM,2018,11,15,2018-11,Thursday
2018-11-15,SGE-1819/7918,1008.0,760.23,192528.0,SGE-1819,Customer 42,MH,RAIGAD,2018,11,15,2018-11,Thursday
2018-11-16,SGE-1819/7940,144.0,144.07,34264.37,SGE-1819,Customer 53,PB,LUDHIANA,2018,11,16,2018-11,Friday
2018-11-16,SGE-1819/7961,1008.0,757.28,193536.0,SGE-1819,Customer 4,RJ,JAIPUR,2018,11,16,2018-11,Friday
2018-11-17,SGE-1819/7992,1008.0,764.42,196560.0,SGE-1819,Customer 12,MH,NASHIK,2018,11,17,2018-11,Saturday
2018-11-19,SGE-1819/8028,504.0,250.75,97776.0,SGE-1819,Customer 11,WB,KOLKATTA,2018,11,19,2018-11,Monday
2018-11-20,SGE-1819/8097,504.0,401.69,97776.0,SGE-1819,Customer 64,TS,SECUNDRABAD,2018,11,20,2018-11,Tuesday
2018-11-20,SGE-1819/8074,180.0,0.0,25848.0,SGE-1819,Customer 110,HR,GURGAON,2018,11,20,2018-11,Tuesday
2018-11-22,DD-1819/561,18.0,0.0,2822.58,DD-1819,Customer 101,MH,RAIGAD,2018,11,22,2018-11,Thursday
2018-11-22,DD-1819/561,482.0,0.0,75582.42,DD-1819,Customer 101,MH,RAIGAD,2018,11,22,2018-11,Thursday
2018-11-22,SGE-1819/8178,504.0,299.27,97776.0,SGE-1819,Customer 145,GJ,VAPI,2018,11,22,2018-11,Thursday
2018-11-23,SGE-1819/8210,30.0,14.32,7989.78,SGE-1819,Customer 48,UP,SONEBHANDRA,2018,11,23,2018-11,Friday
2018-11-24,DD-1819/565,36.0,0.0,5645.16,DD-1819,Customer 25,GJ,JAMNAGAR,2018,11,24,2018-11,Saturday
2018-11-24,DD-1819/565,100.0,0.0,15681.0,DD-1819,Customer 25,GJ,JAMNAGAR,2018,11,24,2018-11,Saturday
2018-11-24,DD-1819/565,1982.0,0.0,310797.42,DD-1819,Customer 25,GJ,JAMNAGAR,2018,11,24,2018-11,Saturday
2018-11-24,DD-1819/565,18.0,0.0,2822.58,DD-1819,Customer 25,GJ,JAMNAGAR,2018,11,24,2018-11,Saturday
2018-11-24,SGE-1819/8257,15.0,0.0,3929.4,SGE-1819,Customer 141,CT,RAIPUR,2018,11,24,2018-11,Saturday
2018-11-24,DD-1819/565,54.0,0.0,8467.74,DD-1819,Customer 25,GJ,JAMNAGAR,2018,11,24,2018-11,Saturday
2018-11-28,DD-1819/566,18.0,0.0,2822.58,DD-1819,Customer 1,GJ,JAMNAGAR,2018,11,28,2018-11,Wednesday
2018-11-28,DD-1819/566,82.0,0.0,12858.42,DD-1819,Customer 1,GJ,JAMNAGAR,2018,11,28,2018-11,Wednesday
2018-11-29,DD-1819/571,18.0,0.0,2822.58,DD-1819,Customer 130,DN,SILVASSA,2018,11,29,2018-11,Thursday
2018-11-29,DD-1819/571,491.0,0.0,76993.71,DD-1819,Customer 130,DN,SILVASSA,2018,11,29,2018-11,Thursday
2018-11-30,SGE-1819/8408,312.0,285.0,81731.52,SGE-1819,Customer 40,TS,HYDERABAD,2018,11,30,2018-11,Friday
2018-11-30,SGE-1819/8445,96.0,78.36,15728.83,SGE-1819,Customer 57,GJ,AHMEDABAD,2018,11,30,2018-11,Friday
2018-11-30,DD-1819/573,250.0,0.0,39205.0,DD-1819,Customer 25,GJ,JAMNAGAR,2018,11,30,2018-11,Friday
2018-11-30,SGE-1819/8444,12.0,0.0,3489.31,SGE-1819,Customer 96,KA,BANGALORE,2018,11,30,2018-11,Friday
2018-11-30,DD-1819/578,30.0,0.0,4704.6,DD-1819,Customer 65,GJ,VADODARA,2018,11,30,2018-11,Friday
2018-12-06,SGE-1819/2441,1008.0,717.08,189504.0,SGE-1819,Customer 24,GJ,BHARUCH,2018,12,06,2018-12,Thursday
2018-12-11,SGE-1819/7798,50.0,0.0,12693.0,SGE-1819,Customer 144,BH,BEGUSARAI,2018,12,11,2018-12,Tuesday
2018-12-11,SGE-1819/7789,80.0,66.12,20308.8,SGE-1819,Customer 143,KA,GULBARGA,2018,12,11,2018-12,Tuesday
2018-12-11,SGE-1819/7791,80.0,42.02,20956.8,SGE-1819,Customer 143,KA,GULBARGA,2018,12,11,2018-12,Tuesday
2018-12-13,SGE-1819/8789,20.0,8.08,5239.2,SGE-1819,Customer 88,CT,BILASPUR,2018,12,13,2018-12,Thursday
2018-12-13,SGE-1819/8787,19.0,12.81,5524.74,SGE-1819,Customer 35,MH,PUNE,2018,12,13,2018-12,Thursday
2018-12-13,SGE-1819/8782,500.0,330.0,100000.0,SGE-1819,Customer 141,CT,RAIPUR,2018,12,13,2018-12,Thursday
2018-12-15,SGE-1819/8834,24.0,17.26,4800.0,SGE-1819,Customer 114,KA,KALABURAGI,2018,12,15,2018-12,Saturday
2018-12-17,SGE-1819/8859,30.0,20.0,6000.0,SGE-1819,Customer 49,CT,BILASPUR,2018,12,17,2018-12,Monday
2018-12-17,SGE-1819/8857,504.0,426.69,97776.0,SGE-1819,Customer 22,GJ,VADODARA,2018,12,17,2018-12,Monday
2018-12-17,SGE-1819/8858,60.0,55.8,15193.68,SGE-1819,Customer 146,WB,HOWRAH,2018,12,17,2018-12,Monday
2018-12-18,SGE-1819/8909,12.0,0.0,3489.31,SGE-1819,Customer 96,KA,BANGALORE,2018,12,18,2018-12,Tuesday
2018-12-18,SGE-1819/8913,24.0,13.27,6287.04,SGE-1819,Customer 151,UP,KANPUR,2018,12,18,2018-12,Tuesday
2018-12-19,SGE-1819/8951,48.0,39.98,9600.0,SGE-1819,Customer 45,JH,JAMSHEDPUR,2018,12,19,2018-12,Wednesday
2018-12-20,DD-1819/600,18.0,0.0,2822.58,DD-1819,Customer 129,MH,PATALGANGA,2018,12,20,2018-12,Thursday
2018-12-20,DD-1819/600,42.0,0.0,6586.02,DD-1819,Customer 129,MH,PATALGANGA,2018,12,20,2018-12,Thursday
2018-12-20,SGE-1819/8998,504.0,426.69,97776.0,SGE-1819,Customer 94,MH,MULUND,2018,12,20,2018-12,Thursday
2018-12-20,SGE-1819/8990,1008.0,859.66,201600.0,SGE-1819,Customer 4,RJ,JAIPUR,2018,12,20,2018-12,Thursday
2018-12-20,SGE-1819/8989,24.0,15.0,5972.69,SGE-1819,Customer 55,TS,GODAVARIKHANI,2018,12,20,2018-12,Thursday
2018-12-21,SGE-1819/9041,12.0,0.0,3489.31,SGE-1819,Customer 96,KA,BANGALORE,2018,12,21,2018-12,Friday
2018-12-26,SGE-1819/9111,12.0,5.48,2855.36,SGE-1819,Customer 53,PB,LUDHIANA,2018,12,26,2018-12,Wednesday
2018-12-26,DD-1819/606,482.0,0.0,75582.42,DD-1819,Customer 101,MH,RAIGAD,2018,12,26,2018-12,Wednesday
2018-12-26,DD-1819/606,10.0,0.0,1568.1,DD-1819,Customer 101,MH,RAIGAD,2018,12,26,2018-12,Wednesday
2018-12-26,DD-1819/606,18.0,0.0,2822.58,DD-1819,Customer 101,MH,RAIGAD,2018,12,26,2018-12,Wednesday
2018-12-27,SGE-1819/9150,1008.0,860.47,197568.0,SGE-1819,Customer 74,GJ,GANDHIDHAM,2018,12,27,2018-12,Thursday
2018-12-27,SGE-1819/9151,120.0,107.45,31435.2,SGE-1819,Customer 99,PB,LUDHIANA,2018,12,27,2018-12,Thursday
2018-12-27,SGE-1819/9149,5.0,2.42,1269.3,SGE-1819,Customer 87,KA,BELGAUM,2018,12,27,2018-12,Thursday
2018-12-28,SGE-1819/9216,504.0,434.83,100800.0,SGE-1819,Customer 52,MH,MUMBAI,2018,12,28,2018-12,Friday
2018-12-30,DD-1819/620,500.0,0.0,78410.0,DD-1819,Customer 1,GJ,JAMNAGAR,2018,12,30,2018-12,Sunday
2018-12-30,SGE-1819/9288,504.0,434.83,100800.0,SGE-1819,Customer 16,MP,BHOPAL,2018,12,30,2018-12,Sunday
2018-12-31,DD-1819/623,18.0,0.0,2822.58,DD-1819,Customer 46,GJ,BHARUCH,2018,12,31,2018-12,Monday
2018-12-31,DD-1819/623,7.0,0.0,1097.67,DD-1819,Customer 46,GJ,BHARUCH,2018,12,31,2018-12,Monday
2018-12-31,SGE-1819/9309,50.0,38.73,12883.4,SGE-1819,Customer 144,BH,BEGUSARAI,2018,12,31,2018-12,Monday
2018-12-31,SGE-1819/9357,240.0,175.78,48000.0,SGE-1819,Customer 114,KA,KALABURAGI,2018,12,31,2018-12,Monday
2019-01-15,SGE-1819/9750,504.0,434.83,100800.0,SGE-1819,Customer 64,TS,SECUNDRABAD,2019,01,15,2019-01,Tuesday
2019-01-15,SGE-1819/9751,1008.0,865.47,197568.0,SGE-1819,Customer 154,GJ,AHMEDABAD,2019,01,15,2019-01,Tuesday
2019-01-15,SGE-1819/9739,504.0,434.83,100800.0,SGE-1819,Customer 47,GJ,KUTCH,2019,01,15,2019-01,Tuesday
2019-01-18,DD-1819/646,80.0,0.0,12545.6,DD-1819,Customer 156,GJ,JAMNAGAR,2019,01,18,2019-01,Friday
2019-01-18,SGE-1819/9868,504.0,434.83,100800.0,SGE-1819,Customer 62,MH,NAGPUR,2019,01,18,2019-01,Friday
2019-01-18,SGE-1819/9863,48.0,25.35,11421.46,SGE-1819,Customer 53,PB,LUDHIANA,2019,01,18,2019-01,Friday
2019-01-19,SGE-1819/9872,1008.0,860.47,197568.0,SGE-1819,Customer 24,GJ,BHARUCH,2019,01,19,2019-01,Saturday
2019-01-22,DD-1819/651,204.0,0.0,31989.24,DD-1819,Customer 65,GJ,VADODARA,2019,01,22,2019-01,Tuesday
2019-01-22,DD-1819/650,18.0,0.0,2822.58,DD-1819,Customer 1,GJ,JAMNAGAR,2019,01,22,2019-01,Tuesday
2019-01-22,SGE-1819/9940,6.0,2.26,1414.58,SGE-1819,Customer 126,CT,RAIGARH,2019,01,22,2019-01,Tuesday
2019-01-22,SGE-1819/9961,110.0,86.81,28815.6,SGE-1819,Customer 121,GJ,SURAT,2019,01,22,2019-01,Tuesday
2019-01-22,DD-1819/650,2.0,0.0,313.62,DD-1819,Customer 1,GJ,JAMNAGAR,2019,01,22,2019-01,Tuesday
2019-01-23,DD-1819/655,36.0,0.0,5645.16,DD-1819,Customer 46,GJ,BHARUCH,2019,01,23,2019-01,Wednesday
2019-01-24,DD-1819/658,482.0,0.0,75582.42,DD-1819,Customer 25,GJ,JAMNAGAR,2019,01,24,2019-01,Thursday
2019-01-24,DD-1819/658,18.0,0.0,2822.58,DD-1819,Customer 25,GJ,JAMNAGAR,2019,01,24,2019-01,Thursday
2019-01-30,SGE-1819/10218,8.0,5.82,2095.68,SGE-1819,Customer 23,AP,KAKINADA,2019,01,30,2019-01,Wednesday
2019-01-31,DD-1819/685,14.0,0.0,2195.34,DD-1819,Customer 46,GJ,BHARUCH,2019,01,31,2019-01,Thursday
2019-01-31,SGE-1819/10231,60.0,34.76,15717.6,SGE-1819,Customer 48,UP,SONEBHANDRA,2019,01,31,2019-01,Thursday
2019-02-14,SGE-1819/10659,144.0,100.06,34264.37,SGE-1819,Customer 53,PB,LUDHIANA,2019,02,14,2019-02,Thursday
2019-02-14,SGE-1819/10673,144.0,187.45,34264.37,SGE-1819,Customer 53,PB,LUDHIANA,2019,02,14,2019-02,Thursday
2019-02-16,SGE-1819/10735,24.0,13.6,6287.04,SGE-1819,Customer 162,DL,NEW DELHI,2019,02,16,2019-02,Saturday
2019-02-16,SGE-1819/10719,504.0,429.83,100800.0,SGE-1819,Customer 161,PB,JALANDHAR CITY,2019,02,16,2019-02,Saturday
2019-02-18,SGE-1819/10738,1008.0,860.47,197568.0,SGE-1819,Customer 24,GJ,BHARUCH,2019,02,18,2019-02,Monday
2019-02-18,DD-1819/702,480.0,0.0,75268.8,DD-1819,Customer 65,GJ,VADODARA,2019,02,18,2019-02,Monday
2019-02-18,DD-1819/702,150.0,0.0,23523.0,DD-1819,Customer 65,GJ,VADODARA,2019,02,18,2019-02,Monday
2019-02-18,DD-1819/702,50.0,0.0,7841.0,DD-1819,Customer 65,GJ,VADODARA,2019,02,18,2019-02,Monday
2019-02-18,DD-1819/702,10.0,0.0,1568.2,DD-1819,Customer 65,GJ,VADODARA,2019,02,18,2019-02,Monday
2019-02-18,DD-1819/703,12.0,0.0,1881.72,DD-1819,Customer 163,GJ,BHARUCH,2019,02,18,2019-02,Monday
2019-02-18,SGE-1819/10737,504.0,429.83,100800.0,SGE-1819,Customer 4,RJ,JAIPUR,2019,02,18,2019-02,Monday
2019-02-18,SGE-1819/10752,700.0,344.55,115909.5,SGE-1819,Customer 5,HR,GURGAON,2019,02,18,2019-02,Monday
2019-02-18,DD-1819/702,10.0,0.0,1568.1,DD-1819,Customer 65,GJ,VADODARA,2019,02,18,2019-02,Monday
2019-02-19,SGE-1819/10819,504.0,427.74,98784.0,SGE-1819,Customer 22,GJ,VADODARA,2019,02,19,2019-02,Tuesday
2019-02-19,SGE-1819/10811,704.0,276.59,137984.0,SGE-1819,Customer 128,MH,NAGPUR,2019,02,19,2019-02,Tuesday
2019-02-19,SGE-1819/10825,492.0,349.6,128884.32,SGE-1819,Customer 114,KA,KALABURAGI,2019,02,19,2019-02,Tuesday
2019-02-20,SGE-1819/10867,36.0,30.59,9430.56,SGE-1819,Customer 55,TS,GODAVARIKHANI,2019,02,20,2019-02,Wednesday
2019-02-21,SGE-1819/10901,23.0,0.0,6687.84,SGE-1819,Customer 96,KA,BANGALORE,2019,02,21,2019-02,Thursday
2019-02-21,SGE-1819/10903,6.0,0.0,1744.65,SGE-1819,Customer 137,MH,PUNE,2019,02,21,2019-02,Thursday
2019-02-21,SGE-1819/10918,120.0,44.49,19870.2,SGE-1819,Customer 5,HR,GURGAON,2019,02,21,2019-02,Thursday
2019-02-25,SGE-1819/11014,12.0,7.17,3489.31,SGE-1819,Customer 35,MH,PUNE,2019,02,25,2019-02,Monday
2019-02-25,SGE-1819/11013,15.0,0.0,4361.63,SGE-1819,Customer 96,KA,BANGALORE,2019,02,25,2019-02,Monday
2019-02-27,SGE-1819/11132,48.0,44.08,12574.08,SGE-1819,Customer 131,WB,MURSHEDABAD,2019,02,27,2019-02,Wednesday
2019-02-27,SGE-1819/11133,504.0,432.83,100800.0,SGE-1819,Customer 16,MP,BHOPAL,2019,02,27,2019-02,Wednesday
2019-02-27,SGE-1819/11129,140.0,128.14,36674.4,SGE-1819,Customer 80,CT,RAIPUR,2019,02,27,2019-02,Wednesday
2019-02-28,SGE-1819/11233,24.0,15.0,6601.39,SGE-1819,Customer 88,CT,BILASPUR,2019,02,28,2019-02,Thursday
2019-03-01,SGE-1819/9449,1008.0,860.47,197568.0,SGE-1819,Customer 21,GJ,BHARUCH,2019,03,01,2019-03,Friday
2019-03-01,SGE-1819/9424,35.0,24.75,11467.46,SGE-1819,Customer 77,JH,JAMSHEDPUR,2019,03,01,2019-03,Friday
2019-03-13,SGE-1819/11528,15.0,8.33,4361.63,SGE-1819,Customer 166,OR,BARBIL,2019,03,13,2019-03,Wednesday
2019-03-14,SGE-1819/11571,2.0,0.0,576.31,SGE-1819,Customer 167,GJ,SURAT,2019,03,14,2019-03,Thursday
2019-03-14,SGE-1819/11557,1008.0,795.47,197568.0,SGE-1819,Customer 12,MH,NASHIK,2019,03,14,2019-03,Thursday
2019-03-16,SGE-1819/11634,1008.0,795.47,197568.0,SGE-1819,Customer 42,MH,RAIGAD,2019,03,16,2019-03,Saturday
2019-03-18,SGE-1819/11674,504.0,396.69,97776.0,SGE-1819,Customer 120,GA,GOA,2019,03,18,2019-03,Monday
2019-03-19,DD-1819/759,15.0,0.0,2415.6,DD-1819,Customer 65,GJ,VADODARA,2019,03,19,2019-03,Tuesday
2019-03-19,SGE-1819/11714,84.0,66.41,22004.64,SGE-1819,Customer 55,TS,GODAVARIKHANI,2019,03,19,2019-03,Tuesday
2019-03-20,SGE-1819/11724,504.0,397.74,98784.0,SGE-1819,Customer 4,RJ,JAIPUR,2019,03,20,2019-03,Wednesday
2019-03-20,SGE-1819/11725,528.0,390.43,103488.0,SGE-1819,Customer 4,RJ,JAIPUR,2019,03,20,2019-03,Wednesday
2019-03-20,SGE-1819/11742,240.0,138.02,39740.4,SGE-1819,Customer 5,HR,GURGAON,2019,03,20,2019-03,Wednesday
2019-03-22,SGE-1819/11788,504.0,295.0,100800.0,SGE-1819,Customer 11,WB,KOLKATTA,2019,03,22,2019-03,Friday
2019-03-23,SGE-1819/11838,100.0,55.1,27942.4,SGE-1819,Customer 48,UP,SONEBHANDRA,2019,03,23,2019-03,Saturday
2019-03-26,SGE-1819/11914,24.0,14.26,6287.04,SGE-1819,Customer 68,AP,Pendurthy,2019,03,26,2019-03,Tuesday
2019-03-27,SGE-1819/11940,8.0,0.0,2095.68,SGE-1819,Customer 44,AP,VISAKHAPATNAM,2019,03,27,2019-03,Wednesday
2019-03-28,DD-1819/775,240.0,0.0,37634.4,DD-1819,Customer 30,GJ,AHMEDABAD,2019,03,28,2019-03,Thursday
2019-03-28,DD-1819/773,90.0,0.0,15300.0,DD-1819,Customer 129,MH,PATALGANGA,2019,03,28,2019-03,Thursday
2019-03-28,DD-1819/773,10.0,0.0,1700.0,DD-1819,Customer 129,MH,PATALGANGA,2019,03,28,2019-03,Thursday
2019-03-28,SGE-1819/12023,1032.0,815.36,202272.0,SGE-1819,Customer 4,RJ,JAIPUR,2019,03,28,2019-03,Thursday
2019-03-28,SGE-1819/12024,1008.0,795.47,197568.0,SGE-1819,Customer 13,GJ,VAPI,2019,03,28,2019-03,Thursday
2019-03-28,SGE-1819/12007,36.0,30.81,9430.56,SGE-1819,Customer 170,OR,ANGUL,2019,03,28,2019-03,Thursday
2019-03-29,SGE-1819/12072,24.0,14.89,6601.39,SGE-1819,Customer 32,CH,CHANDIGARH,2019,03,29,2019-03,Friday
2019-03-30,SGE-1819/12117,504.0,398.78,99792.0,SGE-1819,Customer 95,TN,CHENNAI,2019,03,30,2019-03,Saturday
2019-03-30,SGE-1819/12124,504.0,316.08,100800.0,SGE-1819,Customer 16,MP,BHOPAL,2019,03,30,2019-03,Saturday
2019-03-30,DD-1819/781,10.0,0.0,3711.1,DD-1819,Customer 172,AP,NELLORE,2019,03,30,2019-03,Saturday
2019-03-31,SGE-1819/12294,50.0,34.14,13098.0,SGE-1819,Customer 173,AP,KOTHAGUDEM,2019,03,31,2019-03,Sunday
2019-03-31,SGE-1819/12247,6.0,2.3,1571.76,SGE-1819,Customer 23,AP,KAKINADA,2019,03,31,2019-03,Sunday
2019-03-31,SGE-1819/12263,168.0,132.94,33600.0,SGE-1819,Customer 61,MH,PALGHAR,2019,03,31,2019-03,Sunday
2019-03-31,SGE-1819/12262,336.0,265.89,67200.0,SGE-1819,Customer 61,MH,PALGHAR,2019,03,31,2019-03,Sunday
2019-03-31,DD-1819/790,57.0,0.0,9690.0,DD-1819,Customer 129,MH,PATALGANGA,2019,03,31,2019-03,Sunday
2019-03-31,DD-1819/790,10.0,0.0,1700.0,DD-1819,Customer 129,MH,PATALGANGA,2019,03,31,2019-03,Sunday
2019-04-01,SGE-1819/9486,12.0,8.0,2855.36,SGE-1819,Customer 53,PB,LUDHIANA,2019,04,01,2019-04,Monday
2019-04-02,SGE-1819/10376,13.0,9.52,3462.24,SGE-1819,Customer 14,GJ,RAJKOT,2019,04,02,2019-04,Tuesday
2019-04-05,SGE-1920/000928,14.0,0.0,3667.44,SGE-1920,Customer 170,OR,ANGUL,2019,04,05,2019-04,Friday
2019-04-16,SGE-1920/000242,1512.0,1147.38,296352.0,SGE-1920,Customer 21,GJ,BHARUCH,2019,04,16,2019-04,Tuesday
2019-04-18,SGE-1920/000303,504.0,398.83,100800.0,SGE-1920,Customer 154,GJ,AHMEDABAD,2019,04,18,2019-04,Thursday
2019-04-18,SGE-1920/000302,1008.0,588.0,197568.0,SGE-1920,Customer 74,GJ,GANDHIDHAM,2019,04,18,2019-04,Thursday
2019-04-19,SGE-1920/000367,516.0,400.33,103200.0,SGE-1920,Customer 121,GJ,SURAT,2019,04,19,2019-04,Friday
2019-04-19,SGE-1920/000386,2.0,2.26,523.92,SGE-1920,Customer 175,MH,JALGAON,2019,04,19,2019-04,Friday
2019-04-19,SGE-1920/000387,504.0,188.87,100800.0,SGE-1920,Customer 11,WB,KOLKATTA,2019,04,19,2019-04,Friday
2019-04-19,SGE-1920/000371,12.0,7.0,3489.31,SGE-1920,Customer 137,MH,PUNE,2019,04,19,2019-04,Friday
2019-04-19,SGE-1920/000383,50.0,29.82,10000.0,SGE-1920,Customer 49,CT,BILASPUR,2019,04,19,2019-04,Friday
2019-04-19,SGE-1920/000382,252.0,135.05,41727.42,SGE-1920,Customer 5,HR,GURGAON,2019,04,19,2019-04,Friday
2019-04-20,SGE-1920/000414,24.0,14.0,6287.04,SGE-1920,Customer 66,GJ,JAMNAGAR,2019,04,20,2019-04,Saturday
2019-04-22,SGE-1920/000424,48.0,41.08,12574.08,SGE-1920,Customer 3,UT,RUDRAPUR,2019,04,22,2019-04,Monday
2019-04-22,SGE-1920/000457,10.0,5.38,2619.6,SGE-1920,Customer 48,UP,SONEBHANDRA,2019,04,22,2019-04,Monday
2019-04-23,SGE-1920/000479,25.0,15.0,6549.0,SGE-1920,Customer 176,MH,HINGANGHAT,2019,04,23,2019-04,Tuesday
2019-04-23,SGE-1920/000477,4.0,1.04,800.0,SGE-1920,Customer 49,CT,BILASPUR,2019,04,23,2019-04,Tuesday
2019-04-23,DD-1920/000019,10.0,0.0,1700.0,DD-1920,Customer 1,GJ,JAMNAGAR,2019,04,23,2019-04,Tuesday
2019-04-23,DD-1920/000019,40.0,0.0,6800.0,DD-1920,Customer 1,GJ,JAMNAGAR,2019,04,23,2019-04,Tuesday
2019-04-24,SGE-1920/000530,504.0,388.83,100800.0,SGE-1920,Customer 19,PB,JALANDHAR CITY,2019,04,24,2019-04,Wednesday
2019-04-24,DD-1920/000021,48.0,0.0,7729.92,DD-1920,Customer 101,MH,RAIGAD,2019,04,24,2019-04,Wednesday
2019-04-25,SGE-1920/000569,504.0,402.58,100800.0,SGE-1920,Customer 136,DN,SILVASSA,2019,04,25,2019-04,Thursday
2019-04-26,DD-1920/000023,440.0,0.0,74800.0,DD-1920,Customer 101,MH,RAIGAD,2019,04,26,2019-04,Friday
2019-04-26,DD-1920/000023,10.0,0.0,1700.0,DD-1920,Customer 101,MH,RAIGAD,2019,04,26,2019-04,Friday
2019-04-27,SGE-1920/000674,120.0,100.69,31435.2,SGE-1920,Customer 99,PB,LUDHIANA,2019,04,27,2019-04,Saturday
2019-04-27,SGE-1920/000675,504.0,390.83,100800.0,SGE-1920,Customer 104,RJ,KOTA,2019,04,27,2019-04,Saturday
2019-04-27,SGE-1920/000648,60.0,31.85,15717.6,SGE-1920,Customer 32,CH,CHANDIGARH,2019,04,27,2019-04,Saturday
2019-04-27,SGE-1920/000629,12.0,9.94,3143.52,SGE-1920,Customer 55,TS,GODAVARIKHANI,2019,04,27,2019-04,Saturday
2019-04-27,SGE-1920/000663,20.0,10.04,4802.6,SGE-1920,Customer 92,UP,LUCKNOW,2019,04,27,2019-04,Saturday
2019-04-29,SGE-1920/000684,504.0,386.83,100800.0,SGE-1920,Customer 22,GJ,VADODARA,2019,04,29,2019-04,Monday
2019-04-30,DD-1920/000032,10.0,0.0,1700.0,DD-1920,Customer 130,DN,SILVASSA,2019,04,30,2019-04,Tuesday
2019-04-30,DD-1920/000035,10.0,0.0,1700.0,DD-1920,Customer 46,GJ,BHARUCH,2019,04,30,2019-04,Tuesday
2019-04-30,DD-1920/000036,190.0,0.0,32300.0,DD-1920,Customer 46,GJ,BHARUCH,2019,04,30,2019-04,Tuesday
2019-04-30,SGE-1920/000892,48.0,40.53,9720.0,SGE-1920,Customer 179,HR,FARIDABAD,2019,04,30,2019-04,Tuesday
2019-04-30,SGE-1920/000775,1032.0,786.36,202272.0,SGE-1920,Customer 4,RJ,JAIPUR,2019,04,30,2019-04,Tuesday
2019-04-30,SGE-1920/000835,16.0,6.53,4191.36,SGE-1920,Customer 40,TS,HYDERABAD,2019,04,30,2019-04,Tuesday
2019-04-30,SGE-1920/000806,48.0,22.6,12767.04,SGE-1920,Customer 91,OR,ROURKELA,2019,04,30,2019-04,Tuesday
2019-04-30,DD-1920/000032,290.0,0.0,49300.0,DD-1920,Customer 130,DN,SILVASSA,2019,04,30,2019-04,Tuesday
2019-04-30,DD-1920/000035,40.0,0.0,6800.0,DD-1920,Customer 46,GJ,BHARUCH,2019,04,30,2019-04,Tuesday
2019-05-04,DD-1920/000002,35.0,0.0,5636.4,DD-1920,Customer 25,GJ,JAMNAGAR,2019,05,04,2019-05,Saturday
2019-05-04,DD-1920/000002,90.0,0.0,15300.0,DD-1920,Customer 25,GJ,JAMNAGAR,2019,05,04,2019-05,Saturday
2019-05-04,DD-1920/000002,450.0,0.0,72468.0,DD-1920,Customer 25,GJ,JAMNAGAR,2019,05,04,2019-05,Saturday
2019-05-15,DD-1920/000054,60.0,0.0,10200.0,DD-1920,Customer 183,MH,MUMBAI,2019,05,15,2019-05,Wednesday
2019-05-15,DD-1920/000054,40.0,0.0,6441.6,DD-1920,Customer 183,MH,MUMBAI,2019,05,15,2019-05,Wednesday
2019-05-15,SGE-1920/001175,6.0,0.0,1674.37,SGE-1920,Customer 82,DL,DELHI,2019,05,15,2019-05,Wednesday
2019-05-20,SGE-1920/001230,100.0,84.24,26196.0,SGE-1920,Customer 48,UP,SONEBHANDRA,2019,05,20,2019-05,Monday
2019-05-20,SGE-1920/001229,30.0,17.0,6000.0,SGE-1920,Customer 49,CT,BILASPUR,2019,05,20,2019-05,Monday
2019-05-20,SGE-1920/001235,5.0,0.0,1648.72,SGE-1920,Customer 69,CH,CHANDIGARH,2019,05,20,2019-05,Monday
2019-05-21,DD-1920/000061,10.0,0.0,1700.0,DD-1920,Customer 46,GJ,BHARUCH,2019,05,21,2019-05,Tuesday
2019-05-22,SGE-1920/001259,20.0,0.0,5941.32,SGE-1920,Customer 105,UP,CHANDAULI,2019,05,22,2019-05,Wednesday
2019-05-23,DD-1920/000074,218.0,0.0,37060.0,DD-1920,Customer 130,DN,SILVASSA,2019,05,23,2019-05,Thursday
2019-05-23,SGE-1920/001347,1008.0,570.0,197568.0,SGE-1920,Customer 74,GJ,GANDHIDHAM,2019,05,23,2019-05,Thursday
2019-05-23,DD-1920/000074,10.0,0.0,1700.0,DD-1920,Customer 130,DN,SILVASSA,2019,05,23,2019-05,Thursday
2019-05-25,SGE-1920/001470,24.0,14.0,6481.44,SGE-1920,Customer 126,CT,RAIGARH,2019,05,25,2019-05,Saturday
2019-05-25,SGE-1920/001403,22.0,10.91,6397.06,SGE-1920,Customer 35,MH,PUNE,2019,05,25,2019-05,Saturday
2019-05-27,SGE-1920/001484,100.0,66.33,23794.7,SGE-1920,Customer 53,PB,LUDHIANA,2019,05,27,2019-05,Monday
2019-05-27,DD-1920/000078,10.0,0.0,3711.1,DD-1920,Customer 186,AP,NELLORE,2019,05,27,2019-05,Monday
2019-05-29,SGE-1920/001577,24.0,18.48,6287.04,SGE-1920,Customer 29,AP,VIJAYWADA,2019,05,29,2019-05,Wednesday
2019-05-31,SGE-1920/001692,6.0,0.0,1620.36,SGE-1920,Customer 44,AP,VISAKHAPATNAM,2019,05,31,2019-05,Friday
2019-05-31,SGE-1920/001691,12.0,0.0,3240.72,SGE-1920,Customer 44,AP,VISAKHAPATNAM,2019,05,31,2019-05,Friday
2019-05-31,SGE-1920/001782,1008.0,770.47,197568.0,SGE-1920,Customer 13,GJ,VAPI,2019,05,31,2019-05,Friday
2019-05-31,SGE-1920/001783,240.0,184.92,48000.0,SGE-1920,Customer 38,UP,GHAZIABAD,2019,05,31,2019-05,Friday
2019-05-31,SGE-1920/001629,12.0,0.0,3597.2,SGE-1920,Customer 96,KA,BANGALORE,2019,05,31,2019-05,Friday
2019-05-31,SGE-1920/001789,18.0,9.47,4715.28,SGE-1920,Customer 31,MH,BALLARPUR,2019,05,31,2019-05,Friday
2019-05-31,SGE-1920/001778,14.0,9.9,3331.26,SGE-1920,Customer 53,PB,LUDHIANA,2019,05,31,2019-05,Friday
2019-05-31,DD-1920/000085,236.0,0.0,40120.0,DD-1920,Customer 101,MH,RAIGAD,2019,05,31,2019-05,Friday
2019-05-31,DD-1920/000085,14.0,0.0,2380.0,DD-1920,Customer 101,MH,RAIGAD,2019,05,31,2019-05,Friday
2019-05-31,DD-1920/000085,20.0,0.0,3220.8,DD-1920,Customer 101,MH,RAIGAD,2019,05,31,2019-05,Friday
2019-05-31,DD-1920/000088,10.0,0.0,1610.4,DD-1920,Customer 46,GJ,BHARUCH,2019,05,31,2019-05,Friday
2019-05-31,SGE-1920/001774,6.0,2.66,1539.34,SGE-1920,Customer 67,UP,MEERUT,2019,05,31,2019-05,Friday
2019-06-04,SGE-1920/000046,180.0,0.0,25848.0,SGE-1920,Customer 110,HR,GURGAON,2019,06,04,2019-06,Tuesday
2019-06-06,DD-1920/000092,50.0,0.0,8500.0,DD-1920,Customer 163,GJ,BHARUCH,2019,06,06,2019-06,Thursday
2019-06-13,SGE-1920/002006,24.0,0.0,7194.4,SGE-1920,Customer 96,KA,BANGALORE,2019,06,13,2019-06,Thursday
2019-06-14,SGE-1920/002039,1032.0,790.36,202272.0,SGE-1920,Customer 33,RJ,BHILWARA,2019,06,14,2019-06,Friday
2019-06-14,SGE-1920/002042,505.0,390.04,101000.0,SGE-1920,Customer 95,TN,CHENNAI,2019,06,14,2019-06,Friday
2019-06-14,SGE-1920/002052,10.0,0.0,2929.59,SGE-1920,Customer 112,MP,KATNI,2019,06,14,2019-06,Friday
2019-06-15,SGE-1920/002069,10.0,5.5,2700.6,SGE-1920,Customer 86,MP,INDORE,2019,06,15,2019-06,Saturday
2019-06-18,SGE-1920/002153,180.0,0.0,25848.0,SGE-1920,Customer 110,HR,GURGAON,2019,06,18,2019-06,Tuesday
2019-06-18,DD-1920/000100,15.0,0.0,2415.6,DD-1920,Customer 65,GJ,VADODARA,2019,06,18,2019-06,Tuesday
2019-06-19,SGE-1920/002181,36.0,18.83,9430.56,SGE-1920,Customer 151,UP,KANPUR,2019,06,19,2019-06,Wednesday
2019-06-19,SGE-1920/002171,216.0,167.77,58332.96,SGE-1920,Customer 40,TS,HYDERABAD,2019,06,19,2019-06,Wednesday
2019-06-19,SGE-1920/002166,50.0,43.04,13503.0,SGE-1920,Customer 126,CT,RAIGARH,2019,06,19,2019-06,Wednesday
2019-06-19,SGE-1920/002169,510.0,379.94,86483.25,SGE-1920,Customer 5,HR,GURGAON,2019,06,19,2019-06,Wednesday
2019-06-20,SGE-1920/002212,40.0,20.35,8000.0,SGE-1920,Customer 37,UT,HARIDWAR,2019,06,20,2019-06,Thursday
2019-06-21,DD-1920/000103,14.0,0.0,2380.0,DD-1920,Customer 130,DN,SILVASSA,2019,06,21,2019-06,Friday
2019-06-21,DD-1920/000103,111.0,0.0,18870.0,DD-1920,Customer 130,DN,SILVASSA,2019,06,21,2019-06,Friday
2019-06-21,SGE-1920/002263,24.0,7.08,6805.51,SGE-1920,Customer 188,DL,NEW DELHI,2019,06,21,2019-06,Friday
2019-06-22,SGE-1920/002302,12.0,6.89,3240.72,SGE-1920,Customer 55,TS,GODAVARIKHANI,2019,06,22,2019-06,Saturday
2019-06-25,SGE-1920/002349,1032.0,791.36,202272.0,SGE-1920,Customer 4,RJ,JAIPUR,2019,06,25,2019-06,Tuesday
2019-06-27,SGE-1920/002454,120.0,61.06,20349.0,SGE-1920,Customer 5,HR,GURGAON,2019,06,27,2019-06,Thursday
2019-06-27,SGE-1920/002463,12.0,7.47,2855.36,SGE-1920,Customer 53,PB,LUDHIANA,2019,06,27,2019-06,Thursday
2019-06-28,SGE-1920/002490,200.0,111.83,50645.6,SGE-1920,Customer 17,UP,SONEBHANDRA,2019,06,28,2019-06,Friday
2019-06-29,SGE-1920/002547,1500.0,1150.76,294000.0,SGE-1920,Customer 4,RJ,JAIPUR,2019,06,29,2019-06,Saturday
2019-06-30,DD-1920/000119,10.0,0.0,1700.0,DD-1920,Customer 46,GJ,BHARUCH,2019,06,30,2019-06,Sunday
2019-06-30,SGE-1920/002737,8.0,4.16,1903.58,SGE-1920,Customer 53,PB,LUDHIANA,2019,06,30,2019-06,Sunday
2019-06-30,SGE-1920/002728,13.0,7.85,3896.97,SGE-1920,Customer 137,MH,PUNE,2019,06,30,2019-06,Sunday
2019-06-30,SGE-1920/002635,504.0,389.83,100800.0,SGE-1920,Customer 64,TS,SECUNDRABAD,2019,06,30,2019-06,Sunday
2019-06-30,SGE-1920/002661,1008.0,775.47,197568.0,SGE-1920,Customer 24,GJ,BHARUCH,2019,06,30,2019-06,Sunday
2019-06-30,SGE-1920/002731,24.0,13.58,6481.44,SGE-1920,Customer 32,CH,CHANDIGARH,2019,06,30,2019-06,Sunday
2019-06-30,SGE-1920/002689,10.0,7.34,2619.6,SGE-1920,Customer 191,BH,PATNA,2019,06,30,2019-06,Sunday
2019-06-30,DD-1920/000122,16.0,0.0,2720.0,DD-1920,Customer 30,GJ,AHMEDABAD,2019,06,30,2019-06,Sunday
2019-06-30,SGE-1920/002743,504.0,285.0,100800.0,SGE-1920,Customer 63,GJ,VERAVAL,2019,06,30,2019-06,Sunday
2019-07-02,SGE-1819/10466,32.0,6.98,6710.4,SGE-1819,Customer 61,MH,PALGHAR,2019,07,02,2019-07,Tuesday
2019-07-03,DD-1819/741,10.0,0.0,1568.1,DD-1819,Customer 25,GJ,JAMNAGAR,2019,07,03,2019-07,Wednesday
2019-07-03,DD-1819/741,200.0,0.0,31362.0,DD-1819,Customer 25,GJ,JAMNAGAR,2019,07,03,2019-07,Wednesday
2019-07-03,SGE-1819/11337,1344.0,1143.96,263424.0,SGE-1819,Customer 4,RJ,JAIPUR,2019,07,03,2019-07,Wednesday
2019-07-16,SGE-1920/003019,756.0,594.1,148176.0,SGE-1920,Customer 10,MH,MUMBAI,2019,07,16,2019-07,Tuesday
2019-07-16,SGE-1920/003020,252.0,201.37,49392.0,SGE-1920,Customer 10,MH,MUMBAI,2019,07,16,2019-07,Tuesday
2019-07-16,SGE-1920/003040,504.0,389.83,100800.0,SGE-1920,Customer 97,MH,PUNE,2019,07,16,2019-07,Tuesday
2019-07-16,SGE-1920/003018,150.0,125.87,39294.0,SGE-1920,Customer 191,BH,PATNA,2019,07,16,2019-07,Tuesday
2019-07-16,SGE-1920/003017,200.0,151.6,40000.0,SGE-1920,Customer 45,JH,JAMSHEDPUR,2019,07,16,2019-07,Tuesday
2019-07-17,SGE-1920/003055,12.0,5.07,3195.91,SGE-1920,Customer 27,MH,AURANGABAD,2019,07,17,2019-07,Wednesday
2019-07-17,SGE-1920/003042,504.0,389.83,100800.0,SGE-1920,Customer 97,MH,PUNE,2019,07,17,2019-07,Wednesday
2019-07-18,SGE-1920/003073,504.0,285.0,100800.0,SGE-1920,Customer 74,GJ,GANDHIDHAM,2019,07,18,2019-07,Thursday
2019-07-19,SGE-1920/003133,12.0,5.89,3240.72,SGE-1920,Customer 14,GJ,RAJKOT,2019,07,19,2019-07,Friday
2019-07-20,SGE-1920/003150,48.0,26.0,12638.81,SGE-1920,Customer 39,UP,MEERUT,2019,07,20,2019-07,Saturday
2019-07-20,SGE-1920/003148,48.0,41.48,12962.88,SGE-1920,Customer 29,AP,VIJAYWADA,2019,07,20,2019-07,Saturday
2019-07-22,SGE-1920/003178,504.0,389.83,100800.0,SGE-1920,Customer 16,MP,BHOPAL,2019,07,22,2019-07,Monday
2019-07-22,DD-1920/000137,71.0,0.0,12070.0,DD-1920,Customer 101,MH,RAIGAD,2019,07,22,2019-07,Monday
2019-07-24,SGE-1920/003312,24.0,0.0,7194.4,SGE-1920,Customer 96,KA,BANGALORE,2019,07,24,2019-07,Wednesday
2019-07-25,SGE-1920/003365,24.0,16.29,6481.44,SGE-1920,Customer 93,MP,GWALIOR,2019,07,25,2019-07,Thursday
2019-07-26,SGE-1920/003402,24.0,15.3,6287.04,SGE-1920,Customer 170,OR,ANGUL,2019,07,26,2019-07,Friday
2019-07-26,SGE-1920/003412,504.0,389.83,100800.0,SGE-1920,Customer 141,CT,RAIPUR,2019,07,26,2019-07,Friday
2019-07-26,SGE-1920/003396,12.0,4.94,2855.36,SGE-1920,Customer 53,PB,LUDHIANA,2019,07,26,2019-07,Friday
2019-07-26,SGE-1920/003400,504.0,389.83,100800.0,SGE-1920,Customer 22,GJ,VADODARA,2019,07,26,2019-07,Friday
2019-07-27,DD-1920/000148,675.0,0.0,114750.0,DD-1920,Customer 65,GJ,VADODARA,2019,07,27,2019-07,Saturday
2019-07-27,SGE-1920/003430,96.0,69.06,22842.91,SGE-1920,Customer 53,PB,LUDHIANA,2019,07,27,2019-07,Saturday
2019-07-29,SGE-1920/003479,192.0,143.86,32558.4,SGE-1920,Customer 57,GJ,AHMEDABAD,2019,07,29,2019-07,Monday
2019-07-30,SGE-1920/003514,150.0,121.87,39294.0,SGE-1920,Customer 99,PB,LUDHIANA,2019,07,30,2019-07,Tuesday
2019-07-30,SGE-1920/003529,12.0,16.26,2855.36,SGE-1920,Customer 53,PB,LUDHIANA,2019,07,30,2019-07,Tuesday
2019-07-31,SGE-1920/003633,1008.0,775.47,197568.0,SGE-1920,Customer 24,GJ,BHARUCH,2019,07,31,2019-07,Wednesday
2019-07-31,SGE-1920/003636,1512.0,1163.21,296352.0,SGE-1920,Customer 4,RJ,JAIPUR,2019,07,31,2019-07,Wednesday
2019-07-31,SGE-1920/003598,12.0,7.5,3159.7,SGE-1920,Customer 39,UP,MEERUT,2019,07,31,2019-07,Wednesday
2019-07-31,SGE-1920/003704,120.0,95.89,32407.2,SGE-1920,Customer 55,TS,GODAVARIKHANI,2019,07,31,2019-07,Wednesday
2019-07-31,SGE-1920/003621,504.0,389.83,100800.0,SGE-1920,Customer 44,AP,VISAKHAPATNAM,2019,07,31,2019-07,Wednesday
2019-08-02,SGE-1819/10500,1008.0,851.28,193536.0,SGE-1819,Customer 13,GJ,VAPI,2019,08,02,2019-08,Friday
2019-08-03,DD-1819/743,200.0,0.0,31364.0,DD-1819,Customer 25,GJ,JAMNAGAR,2019,08,03,2019-08,Saturday
2019-08-06,SGE-1920/001919,2016.0,1545.94,395136.0,SGE-1920,Customer 4,RJ,JAIPUR,2019,08,06,2019-08,Tuesday
2019-08-08,SGE-1920/003811,180.0,0.0,25848.0,SGE-1920,Customer 110,HR,GURGAON,2019,08,08,2019-08,Thursday
2019-08-13,SGE-1920/003928,12.0,6.98,3597.2,SGE-1920,Customer 35,MH,PUNE,2019,08,13,2019-08,Tuesday
2019-08-16,SGE-1920/003973,1008.0,772.47,197568.0,SGE-1920,Customer 42,MH,RAIGAD,2019,08,16,2019-08,Friday
2019-08-16,SGE-1920/003970,24.0,14.0,6589.46,SGE-1920,Customer 194,TN,KANCHEEPURAM,2019,08,16,2019-08,Friday
2019-08-19,SGE-1920/004041,504.0,388.83,100800.0,SGE-1920,Customer 10,MH,MUMBAI,2019,08,19,2019-08,Monday
2019-08-19,SGE-1920/004040,100.0,78.18,19400.0,SGE-1920,Customer 45,JH,JAMSHEDPUR,2019,08,19,2019-08,Monday
2019-08-20,SGE-1920/004070,240.0,184.92,48000.0,SGE-1920,Customer 38,UP,GHAZIABAD,2019,08,20,2019-08,Tuesday
2019-08-21,SGE-1920/004165,10.0,6.0,3297.43,SGE-1920,Customer 69,CH,CHANDIGARH,2019,08,21,2019-08,Wednesday
2019-08-21,SGE-1920/004156,48.0,54.57,11421.46,SGE-1920,Customer 53,PB,LUDHIANA,2019,08,21,2019-08,Wednesday
2019-08-21,SGE-1920/004163,24.0,14.0,6481.44,SGE-1920,Customer 126,CT,RAIGARH,2019,08,21,2019-08,Wednesday
2019-08-23,SGE-1920/004265,14.0,7.55,3780.84,SGE-1920,Customer 29,AP,VIJAYWADA,2019,08,23,2019-08,Friday
2019-08-23,DD-1920/000176,50.0,0.0,8500.0,DD-1920,Customer 25,GJ,JAMNAGAR,2019,08,23,2019-08,Friday
2019-08-26,SGE-1920/004300,300.0,176.98,75968.4,SGE-1920,Customer 17,UP,SONEBHANDRA,2019,08,26,2019-08,Monday
2019-08-27,SGE-1920/004345,504.0,389.83,100800.0,SGE-1920,Customer 138,MH,NASHIK,2019,08,27,2019-08,Tuesday
2019-08-27,SGE-1920/004356,1008.0,777.47,197568.0,SGE-1920,Customer 12,MH,NASHIK,2019,08,27,2019-08,Tuesday
2019-08-29,SGE-1920/004410,12.0,6.18,3240.72,SGE-1920,Customer 87,KA,BELGAUM,2019,08,29,2019-08,Thursday
2019-08-30,SGE-1920/004463,17.0,9.31,4045.1,SGE-1920,Customer 53,PB,LUDHIANA,2019,08,30,2019-08,Friday
2019-08-30,SGE-1920/004446,264.0,204.91,52800.0,SGE-1920,Customer 94,MH,MULUND,2019,08,30,2019-08,Friday
2019-08-30,SGE-1920/004447,240.0,185.92,48000.0,SGE-1920,Customer 94,MH,MULUND,2019,08,30,2019-08,Friday
2019-08-30,SGE-1920/004467,504.0,388.83,100800.0,SGE-1920,Customer 7,GA,GOA,2019,08,30,2019-08,Friday
2019-08-30,SGE-1920/004465,8.0,4.44,2182.33,SGE-1920,Customer 70,JH,JAMSHEDPUR,2019,08,30,2019-08,Friday
2019-08-31,SGE-1920/004618,1010.0,775.88,197960.0,SGE-1920,Customer 155,JH,JAMSHEDPUR,2019,08,31,2019-08,Saturday
2019-08-31,DD-1920/000183,30.0,0.0,5100.0,DD-1920,Customer 101,MH,RAIGAD,2019,08,31,2019-08,Saturday
2019-08-31,DD-1920/000183,270.0,0.0,45900.0,DD-1920,Customer 101,MH,RAIGAD,2019,08,31,2019-08,Saturday
2019-08-31,SGE-1920/004608,48.0,36.25,11421.46,SGE-1920,Customer 53,PB,LUDHIANA,2019,08,31,2019-08,Saturday
2019-08-31,SGE-1920/004634,504.0,394.83,100800.0,SGE-1920,Customer 64,TS,SECUNDRABAD,2019,08,31,2019-08,Saturday
2019-08-31,SGE-1920/004533,1000.0,783.84,196000.0,SGE-1920,Customer 4,RJ,JAIPUR,2019,08,31,2019-08,Saturday
2019-08-31,SGE-1920/004534,500.0,386.92,98000.0,SGE-1920,Customer 4,RJ,JAIPUR,2019,08,31,2019-08,Saturday
2019-08-31,SGE-1920/004658,130.0,92.14,42594.55,SGE-1920,Customer 77,JH,JAMSHEDPUR,2019,08,31,2019-08,Saturday
2019-08-31,SGE-1920/004623,12.0,10.35,2881.56,SGE-1920,Customer 92,UP,LUCKNOW,2019,08,31,2019-08,Saturday
2019-08-31,SGE-1920/004601,24.0,16.39,6481.44,SGE-1920,Customer 199,DL,DELHI,2019,08,31,2019-08,Saturday
2019-08-31,SGE-1920/004569,12.0,6.3,3240.72,SGE-1920,Customer 93,MP,GWALIOR,2019,08,31,2019-08,Saturday
2019-08-31,SGE-1920/004524,15.0,7.39,4185.93,SGE-1920,Customer 190,MP,KATNI,2019,08,31,2019-08,Saturday
2019-09-02,SGE-1819/10531,48.0,45.07,12574.08,SGE-1819,Customer 29,AP,VIJAYWADA,2019,09,02,2019-09,Monday
2019-09-04,SGE-1920/000107,504.0,389.83,100800.0,SGE-1920,Customer 64,TS,SECUNDRABAD,2019,09,04,2019-09,Wednesday
2019-09-05,SGE-1920/000979,120.0,75.73,30463.2,SGE-1920,Customer 87,KA,BELGAUM,2019,09,05,2019-09,Thursday
2019-09-07,SGE-1920/002874,21.0,10.49,4996.89,SGE-1920,Customer 53,PB,LUDHIANA,2019,09,07,2019-09,Saturday
2019-09-08,SGE-1920/003845,36.0,10.62,10208.27,SGE-1920,Customer 188,DL,NEW DELHI,2019,09,08,2019-09,Sunday
2019-09-09,SGE-1920/004801,14.0,7.32,4196.73,SGE-1920,Customer 35,MH,PUNE,2019,09,09,2019-09,Monday
2019-09-13,SGE-1920/004891,504.0,388.83,100800.0,SGE-1920,Customer 16,MP,BHOPAL,2019,09,13,2019-09,Friday
2019-09-16,SGE-1920/004977,100.0,66.53,25322.8,SGE-1920,Customer 17,UP,SONEBHANDRA,2019,09,16,2019-09,Monday
2019-09-17,SGE-1920/005007,24.0,16.98,7486.06,SGE-1920,Customer 173,AP,KOTHAGUDEM,2019,09,17,2019-09,Tuesday
2019-09-17,DD-1920/000199,16.0,0.0,2720.0,DD-1920,Customer 65,GJ,VADODARA,2019,09,17,2019-09,Tuesday
2019-09-17,DD-1920/000199,14.0,0.0,2380.0,DD-1920,Customer 65,GJ,VADODARA,2019,09,17,2019-09,Tuesday
2019-09-17,DD-1920/000200,55.0,0.0,8624.55,DD-1920,Customer 30,GJ,AHMEDABAD,2019,09,17,2019-09,Tuesday
2019-09-18,SGE-1920/005060,8.0,0.0,1934.4,SGE-1920,Customer 157,AS,GUWAHATI,2019,09,18,2019-09,Wednesday
2019-09-18,SGE-1920/005041,12.0,5.45,3294.73,SGE-1920,Customer 90,MH,MUMBAI,2019,09,18,2019-09,Wednesday
2019-09-20,SGE-1920/005089,48.0,33.02,11421.46,SGE-1920,Customer 53,PB,LUDHIANA,2019,09,20,2019-09,Friday
2019-09-23,DD-1920/000203,700.0,0.0,119000.0,DD-1920,Customer 46,GJ,BHARUCH,2019,09,23,2019-09,Monday
2019-09-23,DD-1920/000203,100.0,0.0,17000.0,DD-1920,Customer 46,GJ,BHARUCH,2019,09,23,2019-09,Monday
2019-09-24,SGE-1920/005196,24.0,21.83,6939.4,SGE-1920,Customer 147,HR,BAHADURGARH,2019,09,24,2019-09,Tuesday
2019-09-24,SGE-1920/005213,12.0,8.23,3597.2,SGE-1920,Customer 96,KA,BANGALORE,2019,09,24,2019-09,Tuesday
2019-09-24,SGE-1920/005220,48.0,39.88,11421.46,SGE-1920,Customer 53,PB,LUDHIANA,2019,09,24,2019-09,Tuesday
2019-09-25,SGE-1920/005224,1032.0,795.36,202272.0,SGE-1920,Customer 4,RJ,JAIPUR,2019,09,25,2019-09,Wednesday
2019-09-26,SGE-1920/005276,24.0,16.61,6969.6,SGE-1920,Customer 201,MH,KOLHAPUR,2019,09,26,2019-09,Thursday
2019-09-30,SGE-1920/005452,36.0,24.37,10373.62,SGE-1920,Customer 55,TS,GODAVARIKHANI,2019,09,30,2019-09,Monday
2019-09-30,DD-1920/000218,294.0,0.0,49980.0,DD-1920,Customer 130,DN,SILVASSA,2019,09,30,2019-09,Monday
2019-09-30,SGE-1920/005454,4.0,1.6,951.79,SGE-1920,Customer 53,PB,LUDHIANA,2019,09,30,2019-09,Monday
2019-09-30,SGE-1920/005582,48.0,41.48,12962.88,SGE-1920,Customer 29,AP,VIJAYWADA,2019,09,30,2019-09,Monday
2019-09-30,SGE-1920/005482,1032.0,810.36,202272.0,SGE-1920,Customer 4,RJ,JAIPUR,2019,09,30,2019-09,Monday
2019-09-30,SGE-1920/005635,72.0,55.88,21583.2,SGE-1920,Customer 96,KA,BANGALORE,2019,09,30,2019-09,Monday
2019-09-30,SGE-1920/005432,504.0,394.83,100800.0,SGE-1920,Customer 136,DN,SILVASSA,2019,09,30,2019-09,Monday
2019-09-30,SGE-1920/005466,1.0,0.0,149.89,SGE-1920,Customer 43,KA,BANGLORE,2019,09,30,2019-09,Monday
2019-09-30,SGE-1920/005481,32.0,18.0,8360.42,SGE-1920,Customer 98,HR,PANIPAT,2019,09,30,2019-09,Monday
2019-09-30,SGE-1920/005374,504.0,394.83,100800.0,SGE-1920,Customer 22,GJ,VADODARA,2019,09,30,2019-09,Monday
2019-09-30,SGE-1920/005487,16.0,8.26,4796.27,SGE-1920,Customer 35,MH,PUNE,2019,09,30,2019-09,Monday
2019-09-30,SGE-1920/005371,504.0,394.83,100800.0,SGE-1920,Customer 13,GJ,VAPI,2019,09,30,2019-09,Monday
2019-09-30,SGE-1920/005394,504.0,394.83,100800.0,SGE-1920,Customer 141,CT,RAIPUR,2019,09,30,2019-09,Monday
2019-09-30,SGE-1920/005585,48.0,37.78,9408.0,SGE-1920,Customer 202,KA,BANHATTI,2019,09,30,2019-09,Monday
2019-09-30,SGE-1920/005588,60.0,50.3,15675.79,SGE-1920,Customer 203,GJ,AHMEDABAD,2019,09,30,2019-09,Monday
2019-09-30,DD-1920/000220,125.0,0.0,21250.0,DD-1920,Customer 101,MH,RAIGAD,2019,09,30,2019-09,Monday
2019-10-01,SGE-1819/9599,180.0,0.0,25848.0,SGE-1819,Customer 110,HR,GURGAON,2019,10,01,2019-10,Tuesday
2019-10-05,SGE-1920/001027,12.0,8.64,3489.31,SGE-1920,Customer 35,MH,PUNE,2019,10,05,2019-10,Saturday
2019-10-06,SGE-1920/001933,1008.0,768.47,197568.0,SGE-1920,Customer 24,GJ,BHARUCH,2019,10,06,2019-10,Sunday
2019-10-06,SGE-1920/001940,1.0,0.0,149.89,SGE-1920,Customer 175,MH,JALGAON,2019,10,06,2019-10,Sunday
2019-10-14,SGE-1920/005803,504.0,394.83,100800.0,SGE-1920,Customer 19,PB,JALANDHAR CITY,2019,10,14,2019-10,Monday
2019-10-16,SGE-1920/005862,504.0,282.0,100800.0,SGE-1920,Customer 74,GJ,GANDHIDHAM,2019,10,16,2019-10,Wednesday
2019-10-16,SGE-1920/005864,1008.0,785.47,197568.0,SGE-1920,Customer 42,MH,RAIGAD,2019,10,16,2019-10,Wednesday
2019-10-16,SGE-1920/005863,336.0,257.89,67200.0,SGE-1920,Customer 61,MH,PALGHAR,2019,10,16,2019-10,Wednesday
2019-10-16,SGE-1920/005852,168.0,131.94,33600.0,SGE-1920,Customer 207,MH,PALGHAR,2019,10,16,2019-10,Wednesday
2019-10-18,SGE-1920/005928,108.0,87.75,29166.48,SGE-1920,Customer 32,CH,CHANDIGARH,2019,10,18,2019-10,Friday
2019-10-19,SGE-1920/005938,12.0,14.97,2855.36,SGE-1920,Customer 53,PB,LUDHIANA,2019,10,19,2019-10,Saturday
2019-10-19,DD-1920/000234,300.0,0.0,48312.0,DD-1920,Customer 25,GJ,JAMNAGAR,2019,10,19,2019-10,Saturday
2019-10-19,SGE-1920/005946,504.0,191.04,100800.0,SGE-1920,Customer 11,WB,KOLKATTA,2019,10,19,2019-10,Saturday
2019-10-22,SGE-1920/005961,600.0,469.8,120000.0,SGE-1920,Customer 37,UT,HARIDWAR,2019,10,22,2019-10,Tuesday
2019-10-24,SGE-1920/006046,24.0,11.49,6412.82,SGE-1920,Customer 91,OR,ROURKELA,2019,10,24,2019-10,Thursday
2019-10-26,SGE-1920/006085,12.0,7.78,3597.2,SGE-1920,Customer 90,MH,MUMBAI,2019,10,26,2019-10,Saturday
2019-10-26,SGE-1920/006106,12.0,6.41,3240.72,SGE-1920,Customer 53,PB,LUDHIANA,2019,10,26,2019-10,Saturday
2019-10-31,DD-1920/000246,50.0,0.0,8500.0,DD-1920,Customer 46,GJ,BHARUCH,2019,10,31,2019-10,Thursday
2019-10-31,DD-1920/000249,20.0,0.0,3400.0,DD-1920,Customer 65,GJ,VADODARA,2019,10,31,2019-10,Thursday
2019-10-31,SGE-1920/006416,1008.0,773.47,197568.0,SGE-1920,Customer 24,GJ,BHARUCH,2019,10,31,2019-10,Thursday
2019-10-31,SGE-1920/006206,48.0,25.93,11421.46,SGE-1920,Customer 53,PB,LUDHIANA,2019,10,31,2019-10,Thursday
2019-10-31,SGE-1920/006302,505.0,390.04,101000.0,SGE-1920,Customer 95,TN,CHENNAI,2019,10,31,2019-10,Thursday
2019-10-31,SGE-1920/006386,36.0,24.01,11407.33,SGE-1920,Customer 48,UP,SONEBHANDRA,2019,10,31,2019-10,Thursday
2019-10-31,SGE-1920/006322,180.0,0.0,25848.0,SGE-1920,Customer 110,HR,GURGAON,2019,10,31,2019-10,Thursday
2019-10-31,SGE-1920/006250,1512.0,1096.57,296352.0,SGE-1920,Customer 21,GJ,BHARUCH,2019,10,31,2019-10,Thursday
2019-10-31,SGE-1920/006281,140.0,124.75,43031.3,SGE-1920,Customer 80,CT,RAIPUR,2019,10,31,2019-10,Thursday
2019-10-31,SGE-1920/006304,24.0,13.0,6270.32,SGE-1920,Customer 98,HR,PANIPAT,2019,10,31,2019-10,Thursday
2019-10-31,SGE-1920/006314,1010.0,773.88,197960.0,SGE-1920,Customer 155,JH,JAMSHEDPUR,2019,10,31,2019-10,Thursday
2019-10-31,SGE-1920/006235,24.0,7.08,6805.51,SGE-1920,Customer 188,DL,NEW DELHI,2019,10,31,2019-10,Thursday
2019-10-31,SGE-1920/006279,24.0,18.13,4815.36,SGE-1920,Customer 209,MH,SANGLI,2019,10,31,2019-10,Thursday
2019-10-31,SGE-1920/006355,2000.0,1532.68,392000.0,SGE-1920,Customer 4,RJ,JAIPUR,2019,10,31,2019-10,Thursday
2019-11-02,SGE-1819/10582,24.0,12.66,3827.63,SGE-1819,Customer 5,HR,GURGAON,2019,11,02,2019-11,Saturday
2019-11-04,DD-1920/000013,50.0,0.0,8052.0,DD-1920,Customer 174,GJ,SURAT,2019,11,04,2019-11,Monday
2019-11-04,DD-1920/000013,173.0,0.0,27859.92,DD-1920,Customer 174,GJ,SURAT,2019,11,04,2019-11,Monday
2019-11-05,SGE-1920/001059,12.0,6.11,2881.56,SGE-1920,Customer 92,UP,LUCKNOW,2019,11,05,2019-11,Tuesday
2019-11-05,DD-1920/000048,490.0,0.0,83300.0,DD-1920,Customer 46,GJ,BHARUCH,2019,11,05,2019-11,Tuesday
2019-11-06,SGE-1920/001948,9.0,4.43,2697.9,SGE-1920,Customer 137,MH,PUNE,2019,11,06,2019-11,Wednesday
2019-11-07,SGE-1920/002920,12.0,5.32,3143.52,SGE-1920,Customer 31,MH,BALLARPUR,2019,11,07,2019-11,Thursday
2019-11-09,SGE-1920/004844,24.0,14.51,6805.51,SGE-1920,Customer 188,DL,NEW DELHI,2019,11,09,2019-11,Saturday
2019-11-12,SGE-1920/007368,12.0,5.65,3064.93,SGE-1920,Customer 66,GJ,JAMNAGAR,2019,11,12,2019-11,Tuesday
2019-11-13,SGE-1920/006531,15.0,27.53,4910.4,SGE-1920,Customer 77,JH,JAMSHEDPUR,2019,11,13,2019-11,Wednesday
2019-11-13,SGE-1920/006530,10.0,5.0,2379.47,SGE-1920,Customer 53,PB,LUDHIANA,2019,11,13,2019-11,Wednesday
2019-11-16,SGE-1920/006613,60.0,53.71,17986.0,SGE-1920,Customer 173,AP,KOTHAGUDEM,2019,11,16,2019-11,Saturday
2019-11-16,SGE-1920/006604,20.0,11.35,4758.94,SGE-1920,Customer 53,PB,LUDHIANA,2019,11,16,2019-11,Saturday
2019-11-16,DD-1920/000268,89.0,0.0,15130.0,DD-1920,Customer 129,MH,PATALGANGA,2019,11,16,2019-11,Saturday
2019-11-16,SGE-1920/006608,504.0,394.83,100800.0,SGE-1920,Customer 16,MP,BHOPAL,2019,11,16,2019-11,Saturday
2019-11-18,SGE-1920/006636,216.0,228.62,58255.2,SGE-1920,Customer 40,TS,HYDERABAD,2019,11,18,2019-11,Monday
2019-11-20,SGE-1920/006689,12.0,7.56,3252.48,SGE-1920,Customer 27,MH,AURANGABAD,2019,11,20,2019-11,Wednesday
2019-11-21,SGE-1920/006732,12.0,5.81,2855.36,SGE-1920,Customer 53,PB,LUDHIANA,2019,11,21,2019-11,Thursday
2019-11-21,SGE-1920/006718,12.0,13.72,3374.66,SGE-1920,Customer 165,UP,KANPUR,2019,11,21,2019-11,Thursday
2019-11-22,SGE-1920/006757,12.0,7.92,3564.84,SGE-1920,Customer 39,UP,MEERUT,2019,11,22,2019-11,Friday
2019-11-22,SGE-1920/006772,229.0,170.39,38832.68,SGE-1920,Customer 5,HR,GURGAON,2019,11,22,2019-11,Friday
2019-11-23,DD-1920/000273,200.0,0.0,34000.0,DD-1920,Customer 46,GJ,BHARUCH,2019,11,23,2019-11,Saturday
2019-11-23,SGE-1920/006807,244.0,124.07,41376.3,SGE-1920,Customer 5,HR,GURGAON,2019,11,23,2019-11,Saturday
2019-11-23,DD-1920/000273,400.0,0.0,68000.0,DD-1920,Customer 46,GJ,BHARUCH,2019,11,23,2019-11,Saturday
2019-11-23,DD-1920/000273,30.0,0.0,5100.0,DD-1920,Customer 46,GJ,BHARUCH,2019,11,23,2019-11,Saturday
2019-11-26,SGE-1920/006860,504.0,389.83,100800.0,SGE-1920,Customer 62,MH,NAGPUR,2019,11,26,2019-11,Tuesday
2019-11-26,SGE-1920/006851,48.0,42.28,13728.0,SGE-1920,Customer 29,AP,VIJAYWADA,2019,11,26,2019-11,Tuesday
2019-11-26,SGE-1920/006862,12.0,4.87,2855.36,SGE-1920,Customer 53,PB,LUDHIANA,2019,11,26,2019-11,Tuesday
2019-11-29,SGE-1920/006947,504.0,414.42,123480.0,SGE-1920,Customer 47,GJ,KUTCH,2019,11,29,2019-11,Friday
2019-11-30,SGE-1920/007109,12.0,6.46,2855.36,SGE-1920,Customer 53,PB,LUDHIANA,2019,11,30,2019-11,Saturday
2019-11-30,SGE-1920/007333,48.0,203.12,11421.46,SGE-1920,Customer 53,PB,LUDHIANA,2019,11,30,2019-11,Saturday
2019-11-30,SGE-1920/007231,1008.0,813.36,236880.0,SGE-1920,Customer 21,GJ,BHARUCH,2019,11,30,2019-11,Saturday
2019-11-30,SGE-1920/007314,360.0,283.87,77760.0,SGE-1920,Customer 120,GA,GOA,2019,11,30,2019-11,Saturday
2019-11-30,SGE-1920/007336,6.0,2.67,1610.7,SGE-1920,Customer 106,CT,CHAMPA,2019,11,30,2019-11,Saturday
2019-11-30,SGE-1920/007168,20.0,11.48,6547.2,SGE-1920,Customer 77,JH,JAMSHEDPUR,2019,11,30,2019-11,Saturday
2019-11-30,SGE-1920/007230,768.0,604.52,165888.0,SGE-1920,Customer 95,TN,CHENNAI,2019,11,30,2019-11,Saturday
2019-11-30,SGE-1920/007072,504.0,161.86,107730.0,SGE-1920,Customer 11,WB,KOLKATTA,2019,11,30,2019-11,Saturday
2019-11-30,SGE-1920/007007,14.0,7.74,3331.26,SGE-1920,Customer 53,PB,LUDHIANA,2019,11,30,2019-11,Saturday
2019-11-30,SGE-1920/007319,1008.0,800.78,224784.0,SGE-1920,Customer 12,MH,NASHIK,2019,11,30,2019-11,Saturday
2019-11-30,SGE-1920/007125,1248.0,707.0,278304.0,SGE-1920,Customer 74,GJ,GANDHIDHAM,2019,11,30,2019-11,Saturday
2019-11-30,DD-1920/000290,14.0,0.0,2380.0,DD-1920,Customer 129,MH,PATALGANGA,2019,11,30,2019-11,Saturday
2019-11-30,SGE-1920/007177,113.0,83.93,19161.98,SGE-1920,Customer 5,HR,GURGAON,2019,11,30,2019-11,Saturday
2019-11-30,SGE-1920/007268,10.0,5.64,2772.62,SGE-1920,Customer 34,WB,24-PARGANAS (NORTH),2019,11,30,2019-11,Saturday
2019-11-30,SGE-1920/007136,1008.0,803.78,224784.0,SGE-1920,Customer 79,GJ,VADODARA,2019,11,30,2019-11,Saturday
2019-11-30,SGE-1920/007170,60.0,53.53,18774.62,SGE-1920,Customer 173,AP,KOTHAGUDEM,2019,11,30,2019-11,Saturday
2019-11-30,SGE-1920/007317,648.0,510.57,139968.0,SGE-1920,Customer 7,GA,GOA,2019,11,30,2019-11,Saturday
2019-11-30,SGE-1920/007114,12.0,7.0,3960.0,SGE-1920,Customer 35,MH,PUNE,2019,11,30,2019-11,Saturday
2019-11-30,SGE-1920/007229,504.0,412.42,123480.0,SGE-1920,Customer 203,GJ,AHMEDABAD,2019,11,30,2019-11,Saturday
2019-11-30,SGE-1920/006987,504.0,389.83,100800.0,SGE-1920,Customer 215,UP,JHANSI,2019,11,30,2019-11,Saturday
2019-11-30,SGE-1920/007193,96.0,71.49,28769.66,SGE-1920,Customer 99,PB,LUDHIANA,2019,11,30,2019-11,Saturday
2019-11-30,SGE-1920/007284,48.0,24.11,13831.49,SGE-1920,Customer 55,TS,GODAVARIKHANI,2019,11,30,2019-11,Saturday
2019-12-03,SGE-1819/11502,8.0,4.03,2326.2,SGE-1819,Customer 70,JH,JAMSHEDPUR,2019,12,03,2019-12,Tuesday
2019-12-04,SGE-1920/000174,504.0,284.0,100800.0,SGE-1920,Customer 63,GJ,VERAVAL,2019,12,04,2019-12,Wednesday
2019-12-04,SGE-1920/000170,304.0,235.23,60800.0,SGE-1920,Customer 52,MH,MUMBAI,2019,12,04,2019-12,Wednesday
2019-12-04,SGE-1920/000172,200.0,154.6,40000.0,SGE-1920,Customer 52,MH,MUMBAI,2019,12,04,2019-12,Wednesday
2019-12-06,SGE-1920/001986,120.0,70.19,38423.42,SGE-1920,Customer 77,JH,JAMSHEDPUR,2019,12,06,2019-12,Friday
2019-12-06,SGE-1920/001983,12.0,0.0,3597.2,SGE-1920,Customer 96,KA,BANGALORE,2019,12,06,2019-12,Friday
2019-12-06,DD-1920/000097,150.0,0.0,25500.0,DD-1920,Customer 30,GJ,AHMEDABAD,2019,12,06,2019-12,Friday
2019-12-06,SGE-1920/001976,60.0,54.91,16743.72,SGE-1920,Customer 173,AP,KOTHAGUDEM,2019,12,06,2019-12,Friday
2019-12-12,SGE-1920/007406,100.0,63.44,20000.0,SGE-1920,Customer 193,UT,HARIDWAR,2019,12,12,2019-12,Thursday
2019-12-13,DD-1920/000301,270.0,0.0,45900.0,DD-1920,Customer 130,DN,SILVASSA,2019,12,13,2019-12,Friday
2019-12-13,SGE-1920/007426,200.0,177.67,55452.32,SGE-1920,Customer 216,TN,CHENNAI,2019,12,13,2019-12,Friday
2019-12-17,SGE-1920/007487,244.0,131.18,41376.3,SGE-1920,Customer 5,HR,GURGAON,2019,12,17,2019-12,Tuesday
2019-12-17,SGE-1920/007483,19.0,10.59,5131.14,SGE-1920,Customer 35,MH,PUNE,2019,12,17,2019-12,Tuesday
2019-12-18,DD-1920/000305,400.0,0.0,68000.0,DD-1920,Customer 101,MH,RAIGAD,2019,12,18,2019-12,Wednesday
2019-12-18,SGE-1920/007522,48.0,41.28,13728.0,SGE-1920,Customer 29,AP,VIJAYWADA,2019,12,18,2019-12,Wednesday
2019-12-19,SGE-1920/007547,40.0,19.55,8000.0,SGE-1920,Customer 217,CT,RAIPUR,2019,12,19,2019-12,Thursday
2019-12-21,SGE-1920/007588,1008.0,787.0,208656.0,SGE-1920,Customer 13,GJ,VAPI,2019,12,21,2019-12,Saturday
2019-12-21,SGE-1920/007591,504.0,413.42,123480.0,SGE-1920,Customer 154,GJ,AHMEDABAD,2019,12,21,2019-12,Saturday
2019-12-23,SGE-1920/007613,4.0,2.0,800.0,SGE-1920,Customer 217,CT,RAIPUR,2019,12,23,2019-12,Monday
2019-12-26,DD-1920/000312,100.0,0.0,16104.0,DD-1920,Customer 183,MH,MUMBAI,2019,12,26,2019-12,Thursday
2019-12-27,SGE-1920/007724,180.0,107.17,30523.5,SGE-1920,Customer 5,HR,GURGAON,2019,12,27,2019-12,Friday
2019-12-28,SGE-1920/007729,48.0,14.16,13611.02,SGE-1920,Customer 188,DL,NEW DELHI,2019,12,28,2019-12,Saturday
2019-12-31,SGE-1920/008086,12.0,6.31,3135.05,SGE-1920,Customer 215,UP,JHANSI,2019,12,31,2019-12,Tuesday
2019-12-31,SGE-1920/008134,24.0,10.88,5832.0,SGE-1920,Customer 201,MH,KOLHAPUR,2019,12,31,2019-12,Tuesday
2019-12-31,SGE-1920/007866,24.0,16.18,5880.0,SGE-1920,Customer 147,HR,BAHADURGARH,2019,12,31,2019-12,Tuesday
2019-12-31,SGE-1920/007838,20.0,8.51,5225.26,SGE-1920,Customer 218,MH,OSMANABAD,2019,12,31,2019-12,Tuesday
2019-12-31,SGE-1920/007819,27.0,16.0,7054.11,SGE-1920,Customer 98,HR,PANIPAT,2019,12,31,2019-12,Tuesday
2019-12-31,SGE-1920/008024,504.0,390.47,123480.0,SGE-1920,Customer 40,TS,HYDERABAD,2019,12,31,2019-12,Tuesday
2019-12-31,SGE-1920/007961,1000.0,770.0,200000.0,SGE-1920,Customer 4,RJ,JAIPUR,2019,12,31,2019-12,Tuesday
2019-12-31,SGE-1920/008109,60.0,44.82,17981.04,SGE-1920,Customer 32,CH,CHANDIGARH,2019,12,31,2019-12,Tuesday
2019-12-31,SGE-1920/008091,100.0,68.41,25649.34,SGE-1920,Customer 17,UP,SONEBHANDRA,2019,12,31,2019-12,Tuesday
2019-12-31,SGE-1920/007880,504.0,399.14,108786.89,SGE-1920,Customer 64,TS,SECUNDRABAD,2019,12,31,2019-12,Tuesday
2019-12-31,SGE-1920/008046,72.0,72.17,17132.18,SGE-1920,Customer 53,PB,LUDHIANA,2019,12,31,2019-12,Tuesday
2019-12-31,SGE-1920/008132,50.0,32.47,16382.52,SGE-1920,Customer 77,JH,JAMSHEDPUR,2019,12,31,2019-12,Tuesday
2019-12-31,SGE-1920/007997,4.0,1.56,800.0,SGE-1920,Customer 217,CT,RAIPUR,2019,12,31,2019-12,Tuesday
